name,homepage
A. Ben Hamza,
A. P. Siva Kumar,
A. Pavan 0001,
A. Suruliandi,
Aashish Khubchandani,
Aayush Aggarwal,
Abdallah Tubaishat,
Abdel-Fattah Attia,
Abdelmalek Habi,
Abderrahim Benslimane,
Abdol-Hossein Esfahanian,
Abdulhameed Alelaiwi,
Abdullah Abusorrah,
Abdullah Sarhan,
Abdulrauf Gidado,
Abdur Rahim Mohammad Forkan,
Abeed Sarker,
Abeer ElKorany,
Abhijit Chakraborty,
Abhijit Majumdar,
Abhijnan Chakraborty,
Abhinav Bhatnagar,
Abhishek Chakraborty 0002,
Abigail Paradise,
Abolfazl Yaghmaei,
Aboul Ella Hassanien,
Acar Tamersoy,
Achim Rettinger,
Achla Marathe,
Adam Badawy,
Adam Boessen,
Adam Domurad,
Adam Edwards,
Adam Goodie,
Adam R. Roth,
Adele A. Rescigno,
Adenauer Corrêa Yamin,
Adheesh Gokhale,
Aditya S. Khanna,
Adrian Avram,
Adrian E. Raftery,
Adriana Iamnitchi,
Adriana P. A. van Beek,
Adriana S. Vivacqua,
Adriano César Machado Pereira,
Adriano Galati,
Afra Abnar,
Afshan Saleem,
Ahmad Al-Rubaie,
Ahmad Darki,
Ahmad Hany Hossny,
Ahmed Al Marouf,
Ahmed AlEroud,
Ahmed Mourad,
Ahmet Aksoy,
Ahsan Shehzad,
Ai-Wen Li,
Aibek Musaev,
Aili Malm,
Aixin Sun,
Ajay Mehra,
Ajitesh Srivastava,
Akash Anil,
Akhil Kumar Srivastav,
Ala Mahdavi,
Alain Barrat,
Alain Degenne,
Alan Chia-Lung Chen,
Alan Kuhnle,
Alankar Jain,
Alayne M. Adams,
Albert Y. Zomaya,
Alberto Aziani,
Alberto Caimo,
Alberto Lumbreras,
Albin Zehe,
Alden S. Klovdahl,
Alejandro Arnulfo Ruiz-León,
Alejandro Rivero,
Ales Ziberna,
Alessandro Bessi,
Alessandro Checco,
Alessandro Flammini,
Alessandro Lomi,
Alessio D'Angelo,
Alex 'Sandy' Pentland,
Alex Cassidy,
Alex D. Stivala,
Alex Doboli,
Alex Pentland,
Alex Thomo,
Alex Yarovoy,
Alexander G. Nikolaev,
Alexander G. Tartakovsky,
Alexander Gutfraind,
Alexander Robertson,
Alexander Strang,
Alexander Veremyev,
Alexandra Marin,
Alexandre Hannud Abdo,
Alexandru-Florin Tatar,
Alexey Uversky,
Alexia Gaudeul,
Alfredo Jose Morales,
Ali Akbar Haghdoost,
Ali Hamzeh,
Ali Li,
Ali Movaghar 0001,
Ali Nazemian,
Ali Rahmani,
Ali Vardasbi,
Ali Zulqurnain,
Alina Lungeanu,
Alireza Farasat,
Alireza Hajibagheri,
Alireza Louni,
Alison Albin,
Alistair G. Sutcliffe,
Allen Lavoie,
Allison B. Duke,
Alois Ferscha,
Alok N. Choudhary,
Alon Bartal,
Alon Sela,
Alona Schmidt,
Alun D. Preece,
Alvin W. Wolfe,
Alyssa M. Yetter,
Alysson Alves de Lima,
Amal Ponathil,
Amalya L. Oliver,
Aman Tyagi,
Amani Abu Jabal,
Ambuj K. Singh,
Ameer Hamza Khan,
Ami R. Moore,
Amin Javari,
Amin Kaveh,
Amir Ebrahimi Fard,
Amir Hossein Rasekh,
Amir Ronen,
Amit Bhaya,
Amit Goyal 0002,
Amit P. Sheth,
Amitava Datta,
Ammar Mohammed,
Amos Azaria,
Amro Khasawneh,
Amy Hukin,
Américo Guerreiro,
An Boeren,
Ana Salomé García Muñiz,
Anand E. Sokhey,
Ananth Grama,
Anas Aloudat,
Anasse Bari,
Anastasia Moskvina,
Anastasios D. Doulamis,
Anatoliy A. Gruzd,
Andi Wang,
Andrea Austin,
Andrea Ballatore,
Andrea Baronchelli,
Andrea De Salve,
Andrea Flori,
Andrea Forte,
Andrea L. Kavanaugh,
Andrea M. Hussong,
Andrea Michienzi,
Andrea Passarella,
Andrea Pugliese 0001,
Andrea Röper,
Andrea Tagarelli,
Andreas Erber,
Andreas Flache,
Andreas Geyer-Schulz,
Andreas Harrer,
Andreas Herz,
Andreas Hotho,
Andreas Kotsios,
Andreas Tutic,
Andreas Wimmer,
Andrej Mrvar,
Andres Felipe Zambrano,
Andrew J. Slaughter,
Andrew Parker 0003,
Andrew Runka,
Andrew Slaughter,
Andrew Todd,
Andrew V. Papachristos,
Andrew Yates,
András London,
András Vörös 0002,
André F. Gygax,
André Nichterlein,
Andrés Cardona,
Ang Liu,
Angela Bohn,
Angela Mariuccia Andriano,
Angelo Corallo,
Angelo Sifaleras,
Angelos Stavrou,
Anh Ta,
Aniket Mahanti,
Anil Vullikanti,
Animesh Mukherjee 0001,
Anindya S. Chakrabarti,
Anita Zakrzewska,
Anja Dirkzwager,
Anja Subasic,
Anja Znidarsic,
Ankan Mullick,
Anke Munniksma,
Ankit Agrawal,
Ankush Garg,
Anna Cinzia Squicciarini,
Anna Fruzsina Gyor,
Anna Galeano,
Anna L. Smith,
Anna Monreale,
Anna Nieboer,
Anna Priante,
Anna Rácz,
Anna Torriero,
Anna Vartapetiance,
Annatina Aerne,
Anne Carolin Fleischmann,
Anne-Sophie Himmel,
Annie Cody Holdren,
Annie Waldherr,
Anshul Sawant,
Anthea Bill,
Anthony D'Arienzo,
Anto Aasa,
Anton Grau Larsen,
Antonia Russo,
Antonio A. F. Loureiro,
Antonio Altamura,
Antonio Andrea Gentile,
Antonio D. Sirianni,
Antonio Lopolito,
Antonio Luca Alfeo,
Antonio Páez,
Antonio Stasi,
Antonios N. Dadaliaris,
Antonius H. N. Cillessen,
Anup K. Kalia,
Anura P. Jayasumana,
Anurag Shandilya,
Anurika Vaish,
Anuska Ferligoj,
Anwar Walid,
Anwitaman Datta,
Aparna Gullapalli,
Aparna Sankaran Srinath,
Aparna Sarswat,
Aqsa Mehreen,
Aram Galstyan,
Arash Ghayoori,
Arbee L. P. Chen,
Areej Alsini,
Arefeh Yavary,
Ariana Need,
Ariel Rodríguez,
Ariella Richardson,
Arif Mohaimin Sadri,
Arijit Khan 0001,
Arijit Sur,
Aristides Gionis,
Arkady B. Zaslavsky,
Arkaitz Zubiaga,
Arman Kabiri,
Armando Faggiano,
Armin Bernstetter,
Arnim Bleier,
Arnout van de Rijt,
Aron Culotta,
Aron Lindberg,
Arshad Muhammad 0001,
Arthi Ramachandran,
Arthur Schram,
Arun Sundararajan,
Arunabha Sen,
Arushi Gupta,
Arvid Alexander Eichner,
Arwen H. DeCostanza,
Arye Nehorai,
Asaf Shabtai,
Aseel Addawood,
Asgarali Bouyer,
Ashish Sharma 0004,
Ashkan Ebadi,
Ashley R. Dainas,
Ashlynn R. Daughton,
Ashton M. Verdery,
Ashutosh Bhoi,
Ashwin Kucheriya,
Asit Kumar Das,
Assadaporn Sapsomboon,
Ata Ullah,
Athina Thanou,
Auroop R. Ganguly,
Aurora Schmidt,
Austin L. Toombs,
Austin R. Benson,
Aviad Elyashar,
Avijit Gayen,
Aviral Shrivastava,
Avner Bar-Hen,
Axel Franzen,
Ayan Kumar Bhowmick,
Ayman Al Zaatari,
Aymen Hamrouni,
Azadeh Hemmati,
Azam Bastanfard,
B. Aditya Prakash,
B. S. Manoj 0001,
Babar Shah,
Babiga Birregah,
Baharan Mirzasoleiman,
Bahareh Ashenagar,
Baihua Zheng,
Balakrishnan Narayanaswamy,
Balasubramaniam Thirunavukarasu,
Balázs Kovács,
Baocheng Geng,
Baoying Huang,
Barbara B. Brewer,
Barbara Entwisle,
Barbara Guidi,
Barbara Pfetsch,
Barry Markovsky,
Barry Wellman,
Bart Husslage,
Bart Van de Putte,
Bartel A. Van de Walle,
Bas Hofstra,
Basak Bilecen,
Bassem Makni,
Bastin Tony Roy Savarimuthu,
Bay-Yuan Hsu,
Beata Dávid,
Beata Lopaciuk-Gonczaryk,
Beate Volker,
Beate Völker,
Beatriz Ramirez-Salazar,
Beau Dabbs,
Behnam Bahrak,
Behnaz Eslami,
Behrouz Jedari,
Behrouz Tork Ladani,
Belinda Yuen,
Bella Struminskaya,
Benjamin Cornwell,
Benjamin Cowley 0001,
Benjamin D. Horne,
Benjamin D. Zablocki,
Benjamin Hirsch,
Benjamin Lubin,
Benjamin W. Campbell,
Benjamin W. K. Hung,
Benyuan Liu,
Beom Jun Kim,
Berat A. Erol,
Bernard Grofman,
Bernard J. Jansen,
Bernardo A. Huberman,
Bernd Heidergott,
Bernhard Leidner,
Bernice A. Pescosolido,
Bernie Hogan,
Bert De Cuyper,
Bert Huang,
Bertrand Jouve,
Beth Molnar,
Bettina Berendt,
Bettina Hoser,
Bhavtosh Rath,
Bijan Ranjbar Sahraei,
Bilal Gonen,
Bill Mitchell,
Billy Pik Lik Lau,
Bin Hu 0001,
Bin Ning,
Bin Wu 0001,
Bin Zhou 0003,
Binbin Hu,
Bing-Chuan Wang,
Bingxu Zhao,
Binyao Duan,
Biraj Dahal,
Bivas Mitra,
Björn Bebensee,
Blair D. Sullivan,
Blake C. Stacey,
Bo An 0001,
Bo Gao 0002,
Bo Liu 0024,
Bo Xie 0002,
Bo Xu 0008,
Bo Yang 0034,
Bo Zhang 0004,
Bo Zhou 0001,
Bo-Han Yan,
Bogdan Carbunar,
Bogdan Dit,
Bogoan Kim,
Bogumil Kaminski,
Boleslaw K. Szymanski,
Borworn Papasratorn,
Boyi Xu,
Bradford Z. Mahon,
Bradley Crouch,
Brandon Brooks,
Brandy Aven,
Brea L. Perry,
Brendan Nyhan,
Brent Simpson,
Brett Snider,
Brian C. Britt,
Brian Carolan,
Brian Davis 0001,
Brian E. Vaughn,
Brian F. Schaffner,
Brian Francis,
Brian J. Goode,
Brian Keegan,
Brian Mann,
Brian Rubineau,
Brian S. Mustanski,
Brice Effantin,
Brigham S. Anderson,
Brijesh Singh,
Britta Renner,
Britta Ruhnau,
Brooke Foucault Welles,
Bruce A. Desmarais,
Bruce C. Straits,
Bruce Cronin,
Bruce M. Kapron,
Bryan Ek,
Bryan Perozzi,
Bryan R. Routledge,
Byoung-Tak Zhang,
Bálint Néray,
Béla Janky,
C. A. Piña-García,
C. Christina Mehta,
C. Deniz Yenigün,
C. I. Ezeife,
C. Prem Sankar,
C. S. Shaijumon,
Cai Fu,
Caitlin E. Hughes,
Caitlin Porter,
Caiwei Yuan,
Calton Pu,
Camellia Sarkar,
Cameron Wong,
Camille Roth,
Candice L. Lanius,
Carl A. Latkin,
Carl Nordlund,
Carlene Wilson,
Carlo Lipizzi,
Carlo Morselli,
Carlo Piccardi,
Carlos Algara,
Carlos Castillo 0001,
Carlos Lozares,
Carlos Rene Argueta,
Carmen Ramos Carvajal,
Carol Lynn Martin,
Carol Xiaojuan Ou,
Caroline Acker,
Carolyn J. Anderson,
Carson Kai-Sang Leung,
Carter T. Butts,
Cassie McMillan,
Caterina Giannetti,
Catherine A. Calder,
Catherine Faron-Zucker,
Catherine Riegle-Crumb,
Catherine T. Shea,
Catholijn M. Jonker,
Cecilia Menjívar,
Ceyhun Eksin,
Chaitanya Shivade,
Chamil Kulatunga,
Chandan K. Reddy,
Chandra Muller,
Changbing Tang,
Changjun Jiang,
Changqi Wang,
Changqing Luo,
Chanhyun Kang,
Chao Chen 0015,
Chao Huang 0001,
Chao Liang,
Chaochao Li,
Chaodong Wang,
Chaojie Ji,
Chaoxi Li,
Charalampos Chelmis,
Charalampos E. Tsourakakis,
Charith Perera,
Charles Carroll,
Charles F. Mann,
Charles J. Gomez,
Charles Kadushin,
Charles M. Macal,
Charles Perez,
Charlie Catlett,
Charlotte Struyve,
Charu C. Aggarwal,
Chau Yuen,
Chee Siang Ang,
Chelsea C. White III,
Chen Avin,
Chen Diao,
Chen Ding 0004,
Chen Lv,
Chen Wang 0011,
Chen Wang 0042,
Chenbo Fu,
Cheng Guo 0001,
Cheng Long,
Cheng Wang 0001,
Cheng Wang 0010,
Cheng Yang 0002,
Cheng-Shang Chang,
Cheng-Te Li,
Cheng-Zhong Xu 0001,
Chengjue Yuan,
Chenguang Song,
Chengwei Liu,
Chengwen Luo 0001,
Chenhan Zhang,
Chenting Jiang,
Chenwang Zheng,
Cherie Noteboom,
Cherry Ahmed,
Chetan Harichandra Mendhe,
Chi Harold Liu,
Chia-Yu Lin,
Chiara Broccatelli,
Chiara Pulice,
Chien-Te Wu,
Chien-Tung Ho,
Chih-Hang Wu,
Chih-Ping Chou,
Chih-Wei Tzeng,
Chih-Ya Shen,
Chilukuri K. Mohan,
Ching-Chu Huang,
Ching-Ling Cheng,
Ching-Yung Lin,
Chloé Meredith,
Chloé Provost,
Chris Baerveldt,
Chris Greenhalgh,
Chris Hankin,
Chris J. Kuhlman,
Chris J. Lintott,
Chris Muelder,
Chris Phethean,
Chris Snijders,
Christian Aßmann,
Christian Buchta,
Christian E. G. Steglich,
Christian Henning,
Christian L. Staudt,
Christian Leuprecht,
Christian R. Shelton,
Christian Rohner,
Christian Steglich,
Christian Tallberg,
Christina Salmivalli,
Christofer R. Edling,
Christoph H. Loch,
Christoph Houman Ellersgaard,
Christoph Scholz 0001,
Christoph Stadtfeld,
Christoph Trattner,
Christophe Thovex,
Christophe Vandeviver,
Christopher C. Yang,
Christopher J. Cameron,
Christopher L. Barrett,
Christopher L. Magee,
Christopher Marquis,
Christopher McCarty,
Christopher R. Browning,
Christopher Rich,
Christopher Steven Marcum,
Christopher Sukhu,
Christos Faloutsos,
Chuan Hu,
ChuanRen Liu,
Chuangen Gao,
Chun Xu,
Chunbo Luo,
Chung-Hao Chang,
Chungang Yan,
Chunhua Gu,
Chunming Rong,
Chunxiang Xu,
Chyi-In Wu,
Cindarella Petz,
Cindy X. Chen,
Ciro Cattuto,
Claire Bidart,
Claire Kelling,
Claude S. Fischer,
Claudia Brandelero Rizzi,
Claudia Müller 0002,
Claudia Müller-Birn,
Claudia Wagner,
Claudio Lucchese,
Clay Fink,
Clemens Kroneberg,
Clemens Lechner,
Cliff Lampe,
Clémence Magnien,
Cohen R. Simpson,
Colin M. Gray,
Colin Roberts,
Collins Census,
Cong Liao,
Cong Yang,
Congtao Wang,
Congyu Wu,
Conny Kühne,
Conrad Lee,
Conrado Manuel,
Cor J. Veenman,
Cordula Wagner,
Corey Pennycuff,
Corina Graif,
Craig Pearson,
Cristian Bisconti,
Cristian Molinaro,
Csaba Pléh,
Cuihua Shen,
Curtis L. Maines,
Cynthia Giguère,
Cynthia M. Lakon,
Cynthia M. Webster,
Cyprian Wejnert,
Cécile Bothorel,
Cécile Emery,
Céline Robardet,
D. Wayne Osgood,
Dachuan Xu,
Daiyu Huang,
Dali Ma,
Damian A. Tamburri,
Damla Turgut,
Dan Braha,
Dan J. Wang,
Dan Tao,
Dan Zhang 0001,
Dana L. Haynie,
Dana Popovici,
Danai Koutra,
Danching Ruan,
Danesh Irani,
Daniel A. McFarland,
Daniel A. Newman,
Daniel Archambault,
Daniel Danner,
Daniel DellaPosta,
Daniel Diermeier,
Daniel Faria Bernardes,
Daniel Franzmann,
Daniel Gatica-Perez,
Daniel J. Brass,
Daniel K. Sewell,
Daniel Lavenu,
Daniel Maier,
Daniel P. Enemark,
Daniel Riehm,
Daniel S. Halgin,
Daniel W. Soto,
Daniel W. Stashuk,
Daniel Yue Zhang,
Daniel Z. Levin,
Daniel Zeng,
Daniel Zhang 0001,
Daniela Stoltenberg,
Daniele Bellutta,
Daniele Mascia,
Daniele Tessera,
Danilo Montesi,
Daniël Paulusma,
Dante Contreras,
Danupol Hoonsopon,
Dany Kamuhanda,
Daobing He,
Daphne R. Raban,
Darcy A. Davis,
Dario Borrelli,
Dario Gregori,
Darren A. Narayan,
Darren C. Treadway,
Darren M. Scott,
Darren Scott Appling,
Darryl Wright,
Darshan Santani,
Dave McKenney,
David A. Bright,
David A. Meyer 0001,
David A. Rolls,
David A. Smith,
David B. Skillicorn,
David B. Smith 0001,
David B. Tindall,
David Ben-Arieh,
David C. Bell,
David D. Rowlee,
David E. Eagle,
David F. Gleich,
David F. Nettleton,
David Filonuk,
David H. Rogers,
David Hachen,
David Holman,
David J. Crandall,
David J. Roelfs,
David J. Yates,
David Knoke,
David Krackhardt,
David Kretschmer,
David L. Albright,
David Lazer,
David M. Murungi,
David Melamed,
David R. Hunter,
David R. Schaefer,
David Reitter,
David Savage,
David Schoch,
David Tuckett,
David W. Matula,
David W. McDonald,
David Willer,
Davide Barrera,
Davide Vega,
Davood Rafiei,
Dawn Iacobucci,
De Wang,
De-Nian Yang,
Dean Lusher,
Debaditya Barman,
Debarati Das 0002,
Debarka Sengupta,
Debaroti Chowdhury,
Debashish Roy,
Debasis Das 0001,
Debing Liu,
Deborah I. Fels,
Deborah L. Hall,
Dehai Liu,
Deirdre M. Kirke,
Dejing Dou,
Delfina Malandrino,
Delia Baldassarri,
Dena Ahmed S. Al Thani,
Denis Bouyssou,
Denis Gracanin,
Denis Helic,
Dennis Li,
Dennis Ross,
Derek Kreager,
Derek L. Hansen,
Derek Weber,
Dev Vashisth,
Devesh Tiwari,
Devon D. Brewer,
Dexiang Yin,
Deying Li 0001,
Dharshana Kasthurirathna,
Dhruv Sharma,
Di Wang 0001,
Diana Mok,
Diana Palsetia,
Diane Felmlee,
Diane Payne,
Dianne A. Van Hemert,
Dianxiang Xu,
Diego Perna,
Diliara Valeeva,
Dima Kagan,
Dimitri Fazito,
Dimitrios Gunopulos,
Dimitrios Katsaros 0001,
Dimitrios Kotsakos,
Dimitrios Kravvaris,
Dimitrios Pappas,
Dinesh Garg,
Dinesh Kumar Saini,
Ding-Zhu Du,
Dinnus H. M. Frijters,
Dino Dittrich,
Dino P. Christenson,
Dionisis Margaris,
Dirk-Jan van Veen,
Dixon Vimalajeewa,
Djellel Eddine Difallah,
Djoerd Hiemstra,
Dmitri Goldenberg,
Doina Caragea,
Domenico Brunetto,
Domenico De Stefano,
Dominic DiFranzo,
Dominic Lee,
Dominique Haughton,
Dong Wang 0002,
Dongbing Gu,
Dongjin Song,
Dongkyun Im,
Dongning Liu,
Dongpu Cao,
Dongwei Xu,
Dongxiao Yu,
Dorit Baras,
Dorothea Wagner,
Dorothy Espelage,
Dorottya Kisfalusi,
Douglas Adams 0003,
Douglas D. Heckathorn,
Douglas L. Steinley,
Douglas W. Lowery-North,
Drazen Cepic,
Du Q. Huynh,
Duan-Shin Lee,
Dumidu S. Talagala,
Dun Li,
Duo Xu,
Durvasula V. L. N. Somayajulu,
Dusan Ramljak,
Dusit Niyato,
Dusko Pavlovic,
Dustin Machi,
Duy Quang Vu,
Duy Vu,
Eamon Lopez Marmion,
Eamonn O'Loughlin,
Ebin Deni Raj,
Ebrahim Bagheri,
Ebrahim Sahafizadeh,
Ece Batchelder,
Ed Sleebos,
Edoardo Serra,
Edward A. McBean,
Edward Bishop Smith,
Edward H. Ip,
Ee-Peng Lim,
Eelke M. Heemskerk,
Efstathios Velenis,
Ehsan Ghezelbash,
Ehsan Mohammady Ardehaly,
Eiko Yoneki,
Einat Minkov,
Eirinaios Michelakis,
Eirini Milaiou,
Eirini-Eleni Tsiropoulou,
Eithne Quinn,
Ekta Gujral,
Elad Yom-Tov,
Elahe Ghalebi K.,
Elaheh Ghalebi,
Elaheh Raisi,
Elaine M. Hernandez,
Elena Moltchanova,
Elena Simperl,
Eleni Stai,
Eleonora Patacchini,
Elham Rastegari,
Elham Shaabani,
Eli V. Olinick,
Elias B. Khalil,
Elias Soares,
Elisa Bellotti,
Elisa Bertino,
Elisa Jayne Bienenstock,
Elisabeth L. Terhell,
Elisabeth Lex,
Elise Cappella,
Elisenda Molina,
Elizabeth Costenbader,
Elizabeth Kwan,
Elizabeth Reilly,
Ella M. Atkins,
Ellen Harries,
Elvis Saravia,
Emilio Ferrara,
Emily Hoagland,
Emily Porter,
Emily Smith,
Emma McBryde,
Emma S. Spiro,
Emoke-Ágnes Horvát,
Emre Kiciman,
Engelbert Mephu Nguifo,
Enrica Iannuzzi,
Enrico Bozzo,
Enrico Gallinucci,
Enrique González-Arangüena,
Eran Shor,
Erez Shmueli,
Eric Cawi,
Eric D. Kolaczyk,
Eric D. Widmer,
Eric Fleury,
Eric Giannella,
Eric Gladstone,
Eric Horvitz,
Eric J. Neuman,
Eric Lancaster,
Eric Quintane,
Eric Rice,
Eric Schoon,
Eric Turkheimer,
Eric W. Welch,
Erica Briscoe,
Ericsson Marin,
Erik Cambria,
Erik Jan van Leeuwen,
Erik M. Volz,
Erik Saule,
Erin Pullen,
Erkki Vartiainen,
Erwu Liu,
Esra Akbas,
Essi Pöyry,
Esteban Moro,
Esther Mead,
Eszter Berán,
Eugen Pircalabelu,
Eugene C. Johnsen,
Eugene Santos,
Eugenius Kaszkurewicz,
Eun Jin Kwak,
Eunice E. Santos,
Eva Huszti,
Eva Jaspers,
Eva Kyndt,
Eva Vriens,
Evaggelia Pitoura,
Evan Finley,
Evangelos E. Papalexakis,
Evelien Demaerschalk,
Evey Huang,
Eytan Adar,
F. Marijn Stok,
Fabian Flöck,
Fabiana Zollo,
Fabien Tarissan,
Fabio Casati,
Fabio Pammolli,
Fabrizio Marozzo,
Fabrizio Sebastiani 0001,
Fabrizio Silvestri,
Fahad Maqbool,
Faisal Nabi,
Falk Scholer,
Faming Gong,
Fang Chen 0001,
Fanjin Zhang,
Fanzhang Li,
Farsad Zamani Boroujeni,
Farshad Salimi Naneh Karan,
Farzaneh Ghayour-Baghbani,
Farzaneh Zolala,
Fatima Alba Rendon-Huerta,
Fatima K. Abu Salem,
Fattane Zarrinkalam,
Fei Hao,
Fei Tao,
Fei-Yue Wang 0001,
Feifei Chen 0001,
Feiyu Long,
Felicia F. Tian,
Felix Brünker,
Felix Reed-Tsochas,
Fen Zhao,
Feng Chen 0001,
Feng Li 0001,
Feng Shi 0005,
Feng Wang 0002,
Feng Wang 0020,
Feng Xia 0001,
Feng Xu 0007,
Fenghua Zhu,
Fengjie Xie,
Feniosky Peña-Mora,
Fenlin Liu,
Feras N. Al-Obeidat,
Fernando Calderon,
Fernando Vega-Redondo,
Filip Agneessens,
Filip Boen,
Filippo Menczer,
Flaminio Squazzoni,
Florian Daniel,
Florian Eßer,
Florian Geigl,
Florian Maire,
Florian Ott,
Floriana Gargiulo,
Folke Mitzlaff,
Forough Allahbakhshi,
Fosca Giannotti,
Foster Amey,
Francesca Grippa,
Francesca Pallotti,
Francesca Spezzano,
Francesco Calderoni,
Francis Lee,
Francis Tuerlinckx,
Francisco I. Bastos,
Francisco Louçã,
Francky Trichet,
Frank Garcea,
Frank Kee,
Frank Tutzauer,
Frank W. Takes,
Frank van Tubergen,
Frans Coenen,
François G. Meyer,
François Grey,
Fred Morstatter,
Frederick Kin Hing Phoa,
Fredrik Liljeros,
Frits van Merode,
Fruzsina Albert,
Frédéric Gilbert 0001,
Frédéric Simard,
Frédéric Varone,
Frédérique E. Oggier,
Fucai Zhou,
Fuji Ren,
Fujio Toriumi,
Fuzhi Zhang,
G. Poornalatha,
Gabriel A. Wainer,
Gabriel Otero,
Gabriele Plickert,
Gabriella Pasi,
Gaby G. Dagher,
Gad Yair,
Galina Daraganova,
Gang Kou,
Gang Li 0009,
Gang Liang,
Gang Pan 0001,
Gang Wang 0011,
Gang Xiong 0001,
Gaosheng Wu,
Gaoxing Zhao,
Gaoyang Liu,
Garry L. Adams,
Garry Robins,
Garud Iyengar,
Gary An,
Gasper Koren,
Gaurav Sharma 0009,
Gautam Srivastava,
Gbemisola Adejumo,
Gemma Edwards,
Gene A. Shelley,
Gennaro Cordasco,
Geoff A. Gross,
Geoff K. Nicholls,
Geoffrey P. Morgan,
Georg Wolff,
George A. Barnett,
George B. Davis,
George Berry,
George Cotsonis,
George Cybenko,
George G. Vega Yon,
George Karabatis,
George Leckie,
George Loizou,
George R. Barnes,
George Rochester,
George T. Jacob,
George Wood,
Georges Linarès,
Georgios Drakopoulos,
Georgios I. Stamoulis,
Georgios Mantas,
Gerald C. Kane,
Gerald Mollenhorst,
Gerard de Melo,
Gerardo Garcia,
Gerd Lindner,
Gerd Stumme,
Gerda Claeskens,
Gerhard G. Van De Bunt,
Gerhard Krug,
Gerhard Weikum,
Gerhard Weiss,
Germà Coenders,
Germán Creamer,
Gerrit Jan de Bruin,
Gerrit Rooks,
Gert Vande Broek,
Geyong Min,
Ghita Mezzour,
Giacomo Solano,
Giacomo Villa,
Giagia Gao,
Giancarlo Ragozini,
Giangiacomo Bravo,
Gianluca Carnabuci,
Gianluca Demartini,
Gianluca Lax,
Gianmarco De Francisci Morales,
Gianpiero di Blasi,
Gigliola Vaglini,
Gijs Huitsing,
Gil Viry,
Gilad Ravid,
Gilberto Díaz-García,
Giles Oatley,
Gina Lai,
Gina S. Lovasi,
Giorgia Di Tommaso,
Giorgios Kollias,
Giovanna Miritello,
Giovanni Stilo,
Gisele Moura,
Gita Sukthankar,
Giulia Berlusconi,
Giulio Jacucci,
Giuseppe (Joe) Labianca,
Giuseppe De Nicolao,
Gizem Korkmaz,
Gnana Thedchanamoorthy,
Gour C. Karmakar,
Gourab Ghoshal,
Greeshma Lingam,
Greg Ver Steeg,
Gregory Lee Phillips II,
Guandong Xu,
Guang Yu,
Guangchun Luo,
Guangjie Han,
Guangmo Amo Tong,
Guangmo Tong,
Guangquan Xu,
Guangyao Pang,
Guangye He,
Guangying Hua,
Guangzhi Qu,
Guanjun Liu,
Gueorgi Kossinets,
Gui-jun Zhang,
Guido Caldarelli,
Guido Conaldi,
Guido Sautter,
Guigang Zhang,
Guilherme Galante,
Guillaume Favre,
Guillermo Owen,
Gulshan Shrivastava,
Gultekin Özsoyoglu,
Guodong Ju,
Guodong Long,
Guoqiang Li 0001,
Guoshuai Wei,
Guoyong Cai,
Guy Zyskind,
Gábor Péli,
Gönül Dogan,
Göran Kauermann,
H. Russell Bernard,
H. T. Habekothé,
H. Vincent Poor,
Habibollah Danyali,
Hadi Otrok,
Hadi Tajalizadeh,
Haeran Cho,
Haewoon Kwak,
Hafiz Muhammad Faisal Shehzad,
Hai-Feng Zhang 0003,
Haibin Zheng,
Haibin Zhu,
Haider Ali 0001,
Haifeng Du,
Haifeng Shen,
Haiming Liang,
Hainan Zhang,
Haipeng Chen 0001,
Hairong Dong,
Haitham Bou-Ammar,
Haixuan Yang,
Hakim Ghazzai,
Hakim Touati,
Halit Oguztüzün,
Hamad Zogan,
Hamamache Kheddouci,
Hamed Haddadi,
Hamid R. Rabiee,
Hamidreza Alvari,
Hamidreza Mahyar,
Hamy Temkit,
Han Liu 0002,
Han Qiu 0001,
Hanady Mansour,
Hancheng Ge,
Hanchun Xiao,
Hande Hong,
Hanghang Tong,
Hanjia Lyu,
Hannah Johnson,
Hannah Schmid-Petri,
Hanno Kruse,
Hans Maarse,
Hans Noel,
Hans Rudolf Heinimann,
Hans Waege,
Hanzhang Kong,
Hao Ding 0006,
Hao Jiang 0010,
Hao Lu 0002,
Hao Wang 0003,
Hao-Fan Yang,
Haohan Wang,
Haojun Huang,
Haoyi Zhou,
Haoyue Liu,
Harald Wiese,
Hari Prabhat Gupta,
Haris Gacanin,
Harshit Srivastava,
Hasan Davulcu,
Hasan Mahmud,
Hasib Zunair,
Hassan Sajjad,
Hayder Al Rubaye,
Hayder Radha,
Haye Hinrichsen,
Hazem Krichene,
He Li 0001,
He Yuan,
Heather Edelblute,
Hedieh Sajedi,
Heidi Zinzow,
Hein de Vries,
Helder Coelho,
Helen S. Jones,
Helena Buhr,
Helge Giese,
Helian Xu,
Hemank Lamba,
Hemant Purohit,
Hendrik Molter,
Hendry,
Heng Ji,
Hengwei Zhang,
Henk Flap,
Henning Meyerhenke,
Henning Silber,
Herbert Hamers,
Herbert W. Hethcote,
Heshaam Faili,
Hester H. S. Moerbeek,
Hetty van Emmerik,
Hicham G. Elmongui,
Hichem Besbes,
Hideyuki Imai,
Hila Koren,
Hiroki Nishiyama 0001,
Hiroyasu Inoue,
Hoang Pham,
Hocine Cherifi,
Hoda Khalil,
Holly B. Shakya,
Homa Hosseinmardi,
Hong Mo,
Hong Xiong,
Hong-Ning Dai,
Hongbin Huang,
Honghao Gao,
Hongjun Wang 0002,
Hongming Cai,
Hongwei Du 0001,
Hongwei Li 0001,
Hongwei Wang 0004,
Hongyang Zhao,
Hongyi Jiang,
Hongzhong Deng,
Horacio Saggion,
Hossam Sharara,
Hossein Akbari,
Hossein Fani,
Hossein Rastgoftar,
Howard C. Nusbaum,
Hsien-Chu Wu,
Hsiu Man Chen,
Hsuan-Wei Lee,
Hu Teng,
Huaiyu Zhang,
Huaji Wang,
Huan Liu 0001,
Huan Yan,
Huan Zhou 0002,
Huansheng Ning,
Huazhong Liu,
Hubert Buch-Hansen,
Huda Nassar,
Hugh Louch,
Hugo Gonzalez Villasanti,
Hugo Valenzuela-García,
Hui Li 0005,
Hui Miao 0001,
Hui-Ju Kuo,
Huicai Deng,
Huijie Zhang,
Huiling Jia,
Huiling Zhang,
Huiping Cao,
Hung-Che Lai,
Hunter Rogers,
Huso Yi,
Huzefa Rangwala,
Hwai-Chung Ho,
Hyo-Sung Ahn,
Hywel T. P. Williams,
Håkan Stattin,
Héctor de Arazoza,
Iain S. Weaver,
Ian D. Wood,
Ian Davidson,
Ian McCulloh,
Iasonas Polakis,
Ibrahim Alper Dogru,
Ichigaku Takigawa,
Ido Kaminer,
Ilaria Tiddi,
Ildikó Barna,
Ilire Hasani-Mavriqi,
Iman Barjasteh,
Imran Chowdhury,
Imran Razzak,
Ineke Maas,
Ines Lindner,
Inessa Levi,
Ingegerd Jansson,
Inês Peceguina,
Ioana van Deurzen,
Ioanna Lykourentzou,
Ioanna Miliou,
Ioannis Anagnostopoulos,
Ioannis Charalampidis,
Ioannis Katakis,
Ioannis Koutis,
Iraklis Moutidis,
Iraklis Paraskakis,
Irena Spasic,
Irina Shklovski,
Iris Wanzenböck,
Irwin King,
Isabella Gollini,
Isao Yagi,
Isidro Maya Jariego,
Ismail Hakki Toroslu,
Ismail Kassou,
Issa Annamoradnejad,
Itaru Ishiguro,
Itisha Gupta,
Itzia Ruiz-Correa,
Itzik Turkel,
Iulia Cioroianu,
Ivan Jureta,
Ivan Lee,
Ivar E. Vermeulen,
Ivone Amorim,
Iván Darío Hernández,
Iyad Alazzam,
J. Ashwin Rambaran,
J. C. Barnes,
J. Jill Suitor,
J. Santana,
Jaclyn J. Kettler,
Jacob Chakareski,
Jacob Dijkstra,
Jacob G. Foster,
Jacob Habinek,
Jacob Harer,
Jacob Hileman,
Jacob Russell,
Jacob T. Browne,
Jacob T. N. Young,
Jacob Thebault-Spieker,
Jacob W. Breland,
Jaeyeon Park,
Jafar Habibi,
Jagat Sastry Pudipeddi,
Jaideep Srivastava,
Jake Bowers,
Jake Burchard,
Jalal Mahmud,
Jamell Dacon,
James A. Coutinho,
James A. Evans,
James A. Hendler,
James A. Rolfsen,
James Abello,
James Caverlee,
James D. Lee,
James D. Montgomery,
James D. Wilson,
James F. Morris,
James Geller,
James H. Fowler,
James H. Liu,
James Hollway,
James J. Q. Yu,
James Mac Hyman,
James Miller 0001,
James Moody,
James Nastos,
James P. Spillane,
James Pustejovsky,
James Sanders,
James Stiller,
Jameson Hayes,
Jan Kleinnijenhuis,
Jan Kornelis Dijkstra,
Jan Pfister,
Jana Diesner,
Janet M. Box-Steffensmeier,
Janet Mann,
Jani Holopainen,
Janice Yap,
Jannis Koch,
Jar-Der Luo,
Jar-der Luo,
Jari Saramäki,
Jason Baumgardner,
Jason Bello,
Jason Castiglione,
Jason J. Jones,
Jason Kaufman,
Jason M. Morawski,
Jason M. Smith,
Jason Owen-Smith,
Jason Polakis,
Jason W. Morgan,
Jasper L. de Bie,
Javad Mohammadzadeh,
Javed A. Aslam,
Javier Borge-Holthoefer,
Javier Borondo,
Javier Ávila,
Jean McGuire,
Jean-Charles Delvenne,
Jean-François Boulicaut,
Jean-Philippe Cointet,
Jeanette B. Ruiz,
Jeanette C. McLeod,
Jed R. Brubaker,
Jeff Moehlis,
Jeff S. Shamma,
Jeffrey A. Hall,
Jeffrey A. Smith,
Jeffrey C. Johnson,
Jeffrey Chan,
Jeffrey Cormier,
Jeffrey Lienert,
Jeffrey Reminga,
Jehwan Oh,
Jennifer A. Stoloff,
Jennifer B. Unger,
Jennifer Golbeck,
Jennifer L. Glanville,
Jennifer L. Merluzzi,
Jennifer Lawlor,
Jennifer M. Badham,
Jennifer Salau,
Jennifer Watling Neal,
Jenny Chalmers,
Jenny Jin,
Jens F. Binder,
Jens Rydgren,
Jeong-Yoo Kim,
JeongGil Ko,
Jeremy Cohen,
Jeremy E. Thompson,
Jeremy M. Koster,
Jeremy Mennis,
Jeremy R. Cole,
Jeroen K. Vermunt,
Jeroen Weesie,
Jesper J. Rözer,
Jesse M. Fagan,
Jesse R. Hammond,
Jesse Shore,
Jessica A. Crowe,
Jessica Vitak,
Jesús María Godoy,
Jette Schröder,
Jheng-He Liang,
Ji Li 0007,
Ji Liu 0001,
Ji Ma 0003,
Ji Youn (Rose) Kim,
Jia Yang,
Jia-Ping Huang,
Jiachen Hou,
Jiadong Guo,
Jiafu Jiang,
Jiahui Chen 0003,
Jialie Shen,
Jialin Hua,
Jiamou Liu,
Jian Li 0032,
Jian Lu 0001,
Jian Xu 0004,
Jianbin Jin,
Jianfeng Lu 0002,
Jianfeng Ma 0001,
Jianguo Lu,
Jianhua Li 0001,
Jiankun Liu,
Jianlei Lang,
Jianlong Zhou,
Jianmin Ma,
Jianming Yong,
Jianqiang Li 0001,
Jianqiang Li 0002,
Jianxi Luo,
Jianxin Li 0001,
Jianxin Li 0002,
Jianxiong Guo,
Jiaying Gong,
Jiaying Liu 0006,
Jiayun Zhang,
Jichang Zhao,
Jie Tang 0001,
Jie Zhang 0002,
Jie Zhang 0053,
Jiebo Luo,
Jiehan Zhou,
Jiejun Hu,
Jieting Cheng,
Jifan Liu,
Jiguo Yu,
Jiheng Huang,
Jihong Ding,
Jiliang Tang,
Jiming Chen 0001,
Jin-Hee Cho,
Jinbao Wang,
Jing Ma 0004,
Jing Qiu 0002,
Jing Tang 0004,
Jing Yuan 0002,
Jing-Kai Lou,
Jing-Ru C. Cheng,
Jing-Shiang Hwang,
Jingbo Huang,
Jinghua Li,
Jinglan Zhang,
Jingsheng Lei,
Jingwen Zhang,
Jinhe Shi,
Jinman Kim,
Jinquan Zeng,
Jinseok Kim 0001,
Jinshu Cui,
Jinyin Chen,
Jinyu Cai,
Jipeng Cui,
Jiqiang Liu,
Jisun An,
Jiyao Hu,
Jo Holliday,
Joachim Krieter,
Joaquin Vanschoren,
Joarder Kamruzzaman,
Jochem Tolsma,
Jodie Woolcock,
Joel Martí,
Joel Schlosser,
Joeri M. Mol,
Johan Braeken,
Johan H. Koskinen,
Johanne Saint-Charles,
Johannes Glückler,
Johannes Hedtrich,
Johannes Illenberger,
Johannes Uhlmann,
Johannes Zschache,
John A. Doucette,
John A. Schneider,
John Belchamber,
John Bryden,
John C. S. Lui,
John Champaign,
John Darlington,
John Domini,
John E. Grable,
John G. Breslin,
John Grant,
John Griffith,
John Korah,
John L. Pfaltz,
John Levi Martin,
John Lievens,
John M. Levine,
John M. Light,
John M. Roberts Jr.,
John O'Donovan,
John P. Boyd 0002,
John Panneerselvam,
John R. Hipp,
John S. Baras,
John Sandberg,
John Skvoretz,
John Ternovski,
John W. McDonald,
John Yawney,
John Yen,
Johnnatan Messias,
Jolanta Aritz,
Jon A. Krosnick,
Jon G. Rokne,
Jon Parker,
Jonathan Brauer,
Jonathan H. Morgan,
Jonathan J. Forster,
Jonathan Ozik,
Jonathan Rodriguez 0001,
Jonathan Stewart,
Jonathon N. Cummings,
Joni Salminen,
Joobin Gharibshah,
Joon S. Park,
Joongyum Kim,
Joonmo Son,
Joop J. Hox,
Jooske T. van Busschbach,
Joris Mulder,
Joris van der Veer,
Jose Cadena,
Jose Emmanuel Ramirez-Marquez,
Jose Manuel Sánchez-Santos,
Josef Woldense,
Joseph Winstead Sirrianni,
Joshua D. Freilich,
Joshua D. Guzman,
Joshua E. Marineau,
Joshua Goldstein,
Joshua M. Chamberlain,
Joshua M. Epstein,
Joshua S. Weitz,
Joshua Uyheng,
Josiane Chatellet,
José Aguilar 0001,
José Antônio G. Pinho,
José Atilano Pena-López,
José Luis Iribarren,
José Luis Molina,
José Ramiro Caballero Hoyos,
José-Fernán Martínez-Ortega,
Joydeep Chandra,
Joydip Dhar,
João Paulo Diniz,
Juan Arroyo Flores,
Juan Carlos Losada,
Juan D. Díaz,
Juan I. Casse,
Juan J. Cameron,
Juan Lang,
Juan Ni,
Juanjuan Li,
Juanjuan Yao,
Judd Antin,
Judith A. Effken,
Judith Meinert,
Juha Roslakka,
Juho Hamari,
Juho Kim,
Jukka Nyblom,
Jukka-Pekka Onnela,
Julia Brennecke,
Julia Lee,
Julia Poncela-Casasnovas,
Julian Chibane,
Julian Fares,
Julian Tritscher,
Juliana Cobre,
Julien Brailly,
Juliette Stehlé,
Jun Feng 0007,
Jun Jason Zhang,
Jun Wu 0001,
Jun Wu 0004,
Jun Zhang 0010,
Jun Zhang 0040,
Junsong Yuan,
Junzhang Wang,
Junzhuang Wu,
Jure Leskovec,
Justin Fagnan,
Justin H. Gross,
Justin H. Kirkland,
Justin M. Wozniak,
Justin Peabody,
Justus Uitermark,
Jyi-Shane Liu,
Júlia Koltai,
Júlio Cezar Estrella,
Jürgen Lerner,
Jürgen Pfeffer,
K. Chandrasekaran 0001,
K. Jean Forney,
K. P. Subbalakshmi,
K. Ranjini,
K. Satheesh Kumar,
K. Selçuk Candan,
Kabi Bhattarai,
Kadhim Hayawi,
Kai J. Jonas,
Kai Ma 0003,
Kai Peng 0001,
Kai Xing,
Kaize Shi,
Kalapriya Kannan,
Kamal Berahmand,
Kamal Taha,
Kamer Kaya,
Kamil Topal,
Kanjar De,
Kaoru Ota,
Kapil Chalil Madathil,
Karen DiCicco,
Karen Klein Ikkink,
Karim Jabbar,
Karin E. Willert,
Karl E. Bauman,
Karl Finger,
Karl Löfgren,
Karl M. van Meter,
Karl Pillemer,
Karl Tuyls,
Karl-Dieter Opp,
Karl-Oskar Lindgren,
Karla A. Badillo-Urquiola,
Karthik Sheshadri,
Karthik Subbian,
Kashfia Sailunaz,
Kashif Zia,
Katarzyna Growiec,
Kate Eddens,
Katherine Faust,
Kathleen M. Carley,
Kathleen M. O'Connor,
Kathrin Büttner,
Kathrin Lämmermann,
Kathryn B. Laskey,
Kathryn McAlindon,
Kathryn Schiller,
Katia Iglesias,
Katia Lida Kermanidis,
Katia Petit,
Katie Z. Gach,
Katja Lozar Manfreda,
Katrien Fransen,
Katrin Kania Galeano,
Katsuya Suto,
Kaustav Basu,
Kay W. Axhausen,
Kayla de la Haye,
Kayo Fujimoto,
Kazumasa Oida,
Kazunori Seki,
Kazuo Yamaguchi,
Ke Jiang,
Ke Xu 0001,
Ke-Chih Ning,
Kefu Yan,
Keisuke Miyanabe,
Keisuke Nansai,
Keith C. C. Chan,
Keith Paarporn,
Keivan Kianmehr,
Kellyton dos Santos Brito,
Kelsey Suyehira,
Kelvin Kam-fai Tsoi,
Kemmily Dearo,
Ken Barker 0001,
Ken Sharpe,
Keng-Pei Lin,
Kenji Saito,
Kenji Yamanishi,
Kenneth A. Frank,
Kenneth Joseph,
Kenneth S. Berenhaut,
Kerstin Sailer,
Keshav Sood,
Kevin Crowston,
Kevin I-Kai Wang,
Kevin Lewis,
Kevin M. Beaver,
Kevin M. Passino,
Kevin White 0002,
Kexian Wu,
Kezhi Wang,
Khanh Luong,
Khawla Asmi,
Khobaib Zaamout,
Kieran Evans,
Kim-Kwang Raymond Choo,
Kimberly M. Davidson,
Kimmo Kaski,
Kin Wai Ng,
King-To Yeung,
Kingshuk De,
Kiran Garimella,
Kirill Dyagilev,
Kishan G. Mehrotra,
Klarita Gërxhani,
Klaus Hamberger,
Klemens Böhm,
Klimis S. Ntalianis,
Koduvayur P. Subbalakshmi,
Koen Van der Bracht,
Koen Vanbrabant,
Koji Okamura,
Kolter Kalberg,
Konstantin Kobs,
Konstantin Kuzmin,
Konstantinos Pelechrinis,
Konstantinos Tsitseklis,
Kosta Ristovski,
Koteswar Rao Jerripothula,
Koushik Mallick,
Koustav Rudra,
Koyel Chakraborty,
Kripabandhu Ghosh,
Krishna P. Gummadi,
Krista Gile,
Kristen J. Mills,
Kristin L. Wood,
Kristin Lees Haggerty,
Kristina Lerman,
Kuai Xu,
Kuan Zhang,
Kuang Xu,
Kuishuang Feng,
Kumar Yogeeswaran,
Kun He 0001,
Kun Yang 0001,
Kun Zhu 0001,
Kunhao Yang,
Kuntal Ghosh,
Kurt Hornik,
Kurt Luther,
Kwan-Liu Ma,
Kwang-Cheng Chen,
Kwok-Leung Tsui,
Kyle Emich,
Kyle Nash,
Kyota Okubo,
Kyumin Lee,
Kyungsik Han,
Károly Takács,
L. D. Dhinesh Babu,
L. Jani Anbarasi,
L. Richard Carley,
L. Venkata Subramaniam,
Lada A. Adamic,
Laks V. S. Lakshmanan,
Lampros Bouranis,
Lanyu Shang,
Lars Leszczensky,
Lasse Folke Henriksen,
Laura A. Williams,
Laura D. Hanish,
Laura Fortunato,
Laura M. Koehly,
Laura Prota,
Laura Ricci,
Laura Sartori,
Lauren Rhue,
Laurence Brandenberger,
Laurence Moore,
Laurence T. Yang,
Laurence Tianruo Yang,
Laurent Son Nguyen,
Lauri Kovanen,
Laxmi Amulya Gundala,
Le Jiang,
Lea Ellwardt,
Lea-Maria Löbel,
Leandro A. Villas,
Leandros A. Maglaras,
Lee Gillam,
Lei Pan 0002,
Lei Shu 0001,
Lei Wang 0134,
Lei Yi,
Lei Zhang 0042,
Lei-Lei Shi,
Leman Akoglu,
Leonardo Maccari,
Leonie J. Pearson,
Lewis Mitchell,
Leyla Zhuhadar,
Li Chen 0009,
Li Da Xu,
Li Li 0013,
Li Lu 0001,
Li Xu 0002,
Li Yu 0003,
Li-Chun Wang 0001,
Li-Ting Wang,
Liang Chang 0003,
Liang Wu 0006,
Lianggui Liu,
Liangtian Wan,
Liangyin Chen,
Liangyun Liu,
Lianyong Qi,
Lichen Cheng,
Lichen Zhang 0001,
Lida Xu,
Lidan Fan,
Lidong Bing,
Liesbeth A. G. Mercken,
Liesbeth Mercken,
Lifang Li,
Lifei Lu,
Lihong Chen,
Lijia Ma,
Lijun Song,
Lin Chen 0012,
Lin Tao,
Lindsay E. Young,
Lindsey Trimble O'Connor,
Ling Heng Henry Wong,
Ling Tian,
Ling Yin,
Lingfei Wu,
Lingmei Ren,
Lingmin Wang,
Lingxi Li,
Linqiang Pan,
Lintao Yang,
Linton C. Freeman,
Linyao Yang,
Linyu Tang,
Lionel P. Robert,
Lipo Wang,
Lisa K. Elon,
Lisa Posch,
Lisa Singh,
Lise Getoor,
Lise Mounier,
Lisha Yu,
Livio Bioglio,
Liwei Ouyang,
Lixing Wang,
Lixing Yu,
Liyuan Liu,
Lluís Coromina,
Lo-Yao Yeh,
Loitongbam Gyanendro Singh,
Long Doan,
Longjiang Guo,
Longxiang Gao,
Loris Belcastro,
Lotte Vermeij,
Louise Ryan,
Love Bohman,
Lu Fan,
Lu Hong,
Lu Liu 0001,
Luca Giommoni,
Luca Pappalardo,
Luca Rossi 0003,
Lucas Bastos,
Lucas G. Drouhot,
Lucas Santos de Oliveira,
Lucia Falzon,
Luciano Antonio Digiampietri,
Lucy Fortson,
Luis Enrique Zárate,
Luis Felipe Giraldo,
Luisa Gargano,
Luisa Massari,
Lukas Norbutas,
Luke Sloan,
Lunfei Wang,
Luole Qi,
Lutao Zheng,
László Lorincz,
Lênin Ferreira Barbosa,
M. E. J. Newman,
M. Jamal Deen,
M. Sridevi,
Maarten Marx,
Maarten van Zalk,
Mackenzie Hart,
Madhav V. Marathe,
Madhavan R. Padmanabhan,
Madhuri Siddula,
Madichetty Sreenivasulu,
Madjid Khalilian,
Magdalena Wischnewski,
Mahadevan Vasudevan,
Mahdi Jalili,
Mahdi Vasighi,
Mahendra Piraveenan,
Mahmoudreza Babaei,
Mahnaz Roshanaei,
Mahreen Nasir Butt,
Mahsa Seifikar,
Mahyar Sharif Vaghefi,
Maitry Bhavsar,
Majed A. AlRubaian,
Majed Al Zayer,
Majid Fouladian,
Majid Mohammadi 0001,
Makoto Kakinaka,
Malay Bhattacharyya 0001,
Malhar Anjaria,
Malik Magdon-Ismail,
Man Lin,
Manh Cuong Pham,
Manish Bhanu,
Manish Gupta 0001,
Manish Purohit,
Manmeet Dhaliwal,
Manoel Miranda,
Mansoureh Takaffoli,
Manuel Fischer,
Manuel Sorge,
Mao Nishiguchi,
Maoguo Gong,
Maozhen Li,
Marakkalage Sumudu Hasala,
Maram Kurdi,
Marc A. C. Sarazin,
Marc G. Berman,
Marc Lemercier,
Marc Plantevit,
Marc Punkay,
Marcel A. L. M. van Assen,
Marcelo Dias de Amorim,
Marcelo Ribeiro-Alves,
Marcelo S. Amaral,
Marcin Grzegorzek,
Marco Cinnirella,
Marco Conti,
Marco Gonzalez,
Marco T. Bastos,
Marco Viviani,
Marcos G. Quiles,
Marcos Wander Rodrigues,
Margaret Hellard,
Margaret K. Chojnacki,
Margaret Kerr,
Margarita Vitoropoulou,
Marge M. Benham-Hutchins,
Maria Carla Calzarossa,
Maria G. Koziri,
Maria Glenski,
Maria Grazia Vigliotti,
Maria Liakata,
Maria Luisa Sapino,
Maria Prosperina Vitale,
Maria Rosaria D'Esposito,
Mariarosaria Lombardi,
Marie Joan Kristine Gloria,
Marie Ouellet,
Marie-Odile Lebeaux,
Marie-Thérèse Jourda,
Marieke Vlaemynck,
Marieke Wissink,
Mariela Szwarcberg,
Marije Wouters,
Marijtje A. J. Van Duijn,
Marika Cifor,
Marina Hennig,
Mario Diani,
Mario G. C. A. Cimino,
Mario Luis Small,
Marisa Vasconcelos,
Marjolein I. Broese van Groenou,
Mark Alan Junho Song,
Mark Caudell,
Mark E. Feinberg,
Mark E. J. Newman,
Mark Frederickson,
Mark H. Chignell,
Mark Handcock,
Mark Hasegawa-Johnson,
Mark House,
Mark Huisman,
Mark Kibanov,
Mark Levene,
Mark Lubell,
Mark M. Fredrickson,
Mark Patrick Roeling,
Mark Rouncefield,
Mark S. Handcock,
Mark S. Mizruchi,
Mark Sanderson,
Mark Tranmer,
Mark Wittek,
Mark Woodward,
Mark Zachry,
Markus Gamper,
Markus Strohmaier,
Marlène Sapin,
Marshall Scott Poole,
Marthie Grobler,
Martijn J. Burger,
Martin Abraham,
Martin Atzmueller,
Martin Atzmüller,
Martin Bouchard 0002,
Martin Cadeiras,
Martin G. Everett,
Martin Gueuning,
Martin Hilbert,
Martin Hällsten,
Martin Innes,
Martin Kilduff,
Martin Mader,
Martin Ruef,
Martin Van Der Gaag,
Martin Watts,
Martina Morris,
Mary K. Feeney,
Mary Selden,
Maryam Heidarypanah,
Marzieh Soltanolkottabi,
Marçal Mora Cantallops,
María Guadalupe Ramírez López,
María Guadalupe Ramírez Ortiz,
Masaaki Terai,
Masahiro Iwahashi,
Masaki Tomochi,
Masarah Paquet-Clouston,
Masataka Nakamura,
Mason A. Porter,
Masoud Asadpour,
Massimo Franceschet,
Matheus Araújo,
Mathew D. McCubbins,
Mathew Parackal,
Mathias Weller,
Mathias-Felipe de-Lima-Santos,
Mathieu O'Neil,
Mathieu d'Aquin,
Mathijs Kros,
Mathijs de Vaan,
Matloob Khushi,
Matteo Francia,
Matteo Golfarelli,
Matteo Magnani,
Matthew Baucum,
Matthew C. Mahutga,
Matthew Dabkowski,
Matthew E. Brashears,
Matthew Hamilton,
Matthew J. Denny,
Matthew J. Robbins,
Matthew J. Salganik,
Matthew J. Silk,
Matthew Johnson 0002,
Matthew L. Williams,
Matthew S. Gerber,
Matthew Smith 0009,
Matthew T. Pietryka,
Matthias Heymann,
Matthias Hirth,
Matthias Jarke,
Matthias Kowald,
Matthieu Latapy,
Matthijs Kalmijn,
Maunendra Sankar Desarkar,
Maurice Koster,
Maurits de Klepper,
Maurizio Prosperi,
Mauro Coletto,
Mauro Gatti,
Max E. Coleman,
Maxime Reeves-Latour,
Maximilian Vierlboeck,
Maximilian Vogel,
Mayank Aggarwal,
Mayank Singh 0001,
Mayukh Dass,
Mazen El-Masri,
Md Abdul Alim,
Md Arquam,
Md Omar Faruk Rokon,
Md. Abu Naser,
Md. Abul Bashar,
Md. Imrul Kayes,
Md. Mostofa Ali Patwary,
Md. Nafiz Hamid,
Md. Rafiqul Islam 0006,
Meera Narasimhan,
Meera Vengadasubbu,
Meeyoung Cha,
Megan Coffee,
Mehdi Farrokhbakht Foumani,
Mehdi Kaytoue,
Mehmet Hadi Gunes,
Mehmet Koyutürk,
Mehrdad Farajtabar,
Mehrnoosh Mirtaheri,
Mehwish Nasim,
Mei-Chu Lin,
Meikang Qiu,
Meiqin Liu,
Meizi Li,
Melissa A. Clark,
Meng Xi,
MengChu Zhou,
Mengbin Ye,
Mengchu Zhou,
Menglin Li,
Mengmeng Zhu,
Mengxiao Zhu,
Mengzhen Kang,
Meredith Rolfe,
Meredith W. Francis,
Meysam Ghaffari,
Mi Wen,
Mianxiong Dong,
Miao Fu,
Miao Zhao,
Micha Mandel,
Michael Bourgeois,
Michael Brutz,
Michael Brzezinski,
Michael Busch,
Michael Caldara,
Michael D. Siciliano,
Michael E. Papka,
Michael Fire,
Michael Genkin,
Michael H. Smith,
Michael Hamann,
Michael Harré,
Michael Howard,
Michael J. Barber,
Michael J. Brusco,
Michael J. Lanham,
Michael J. Mason,
Michael J. Paul,
Michael Johnston,
Michael K. Martin,
Michael K. Orbach,
Michael Kaufmann 0001,
Michael Koch 0001,
Michael Laraia,
Michael Levy,
Michael Macy,
Michael Masuch,
Michael Mathioudakis,
Michael McBride,
Michael Muhlmeyer,
Michael Mäs,
Michael Neblo,
Michael Prilla,
Michael R. Lyu,
Michael S. Kowal,
Michael Salter-Townshend,
Michael Schweinberger,
Michael Szell,
Michael T. Heaney,
Michael TenEyck,
Michael W. Macy,
Michael Windzio,
Michael Withers,
Michael Wältermann,
Michaela Hoffman,
Michal Bojanowski,
Michalis Faloutsos,
Michalis Korakakis,
Michel Grossetti,
Michel L. Ehrenhard,
Michela Del Vicario,
Michela Iannotta,
Michele Coscia,
Michele L. Barnes,
Michele Starnini,
Michele Tumminello,
Michelle Birkett,
Michelle Purcell,
Midde. Venkateswarlu Naik,
Miel W. Ribbe,
Miguel Ángel Sotelo,
Miguel-Ángel Sicilia,
Miia Sainio,
Miin-Shen Yang,
Mikael Desertot,
Mike Steketee,
Mike Walmsley,
Mikel Joaristi,
Mikko A. Salo,
Mikko Kivelä,
Mikko Salminen,
Milad Mirbabaie,
Milind Tambe,
Miller Ferreira,
Min Fan,
Min Gu,
Min Jiang 0005,
Min Long,
Min Zhan,
Min Zhou 0003,
Min-Woong Sohn,
Mineichi Kudo,
Ming Cao 0005,
Ming Xu 0008,
Ming-Feng Tsai,
Mingchu Li,
Minghao Zhao 0002,
Mingjie Ling,
Mingliang Xu,
Mingming Chen,
Mingming Zhou,
Minh Hoang Trinh,
Mini Ghosh,
Miranda J. Lubbers,
Miranda Jessica Lubbers,
Miray Kas,
Mireia Bolíbar,
Mirjam Kretzschmar,
Miruna Petrescu-Prahova,
Mitsuru Ishizuka,
Mizanur Rahman,
Mo M. Jamshidi,
Mo-Han Hsieh,
Mohamad Jaber 0001,
Mohamed E. Abd Elaziz,
Mohamed Fazeen,
Mohamed Shehab,
Mohamed Y. Tazkarji,
Mohammad Al-Ramahi,
Mohammad Ali Manouchehri,
Mohammad Ali Safari,
Mohammad Almukaynizi,
Mohammad Behnia,
Mohammad Ehsan Basiri,
Mohammad Firouzi,
Mohammad Hajarian,
Mohammad Hossein Fazel Zarandi,
Mohammad Javad Yazdanpanah,
Mohammad Mehedi Hassan,
Mohammad Moshirpour,
Mohammad Reza Baneshi,
Mohammad Reza Nosouhi,
Mohammad Reza Sanatkar,
Mohammad Sadegh Helfroush,
Mohammad Taghi Hajiaghayi,
MohammadAmin Fazli,
MohammadTaghi Hajiaghayi,
Mohammadreza Keyvanpour,
Mohammed Ben Said Al-Ghamdi,
Mohan Timilsina,
Mohsen Guizani,
Mohsen JafariAsbagh,
Mohsen Shahriari,
Molly E. Brown,
Moloud Abdar,
Mona Assarandarban,
Monica Bianchi,
Monica C. Higgins,
Monica Ihli,
Monica Tatiana Perdomo,
Moo Young Choi,
Moojan Ghafurian,
Moonam Ko,
Moshen Shahriari,
Moumita Basu,
Mounir Frikha,
Muddesar Iqbal,
Muhaimenul Adnan,
Muhammad Aurangzeb Ahmad,
Muhammad Azfar Nisar,
Muhammad Imran 0002,
Muhammad Shahrose Khan,
Muhammad Waqar,
Muhammed Abdullah Canbaz,
Mukundan Venkataraman,
Mulye Grima,
Munindar P. Singh,
Munish Goyal,
Murat Dörterler,
Murat Kantarcioglu,
Murray Aitkin,
Mustafa Cosar Ünal,
My T. Thai,
Mykola Hayvanovych,
Mykola Pechenizkiy,
Márton Karsai,
Mónica del Pozo,
N. Lancki,
Nabeela Altrabsheh,
Nadine Tamburrini,
Nagmat Nazarov,
Nahomi Ichino,
Naimisha Kolli,
Naiqi Wu,
Nan Niu,
Nancy E. Avis,
Nancy P. Barnett,
Nancy Samaan,
Naoki Masuda,
Naomi Braine,
Naren Ramakrishnan,
Nargess Tahmasbi,
Narsingh Deo,
Natalia Zotova,
Natalie C. Cotton-Nessler,
Natalie Indlekofer,
Nathalie Del Vecchio,
Nathan D. Cahill,
Nathan Henderson,
Nathan Self,
Nava Pliskin,
Naveen Saini,
Navneet Goyal,
Nazanin Sabri,
Nazli Goharian,
Neal Reeves,
Negar Ahmadi,
Negar Emami,
Negar Foroutan Eghlidi,
Neha Gondal,
Neha P. Shah,
Nei Kato,
Neil J. Hurley,
Neil McRoberts,
Neil Shah,
Neil Y. Yen,
Nemi Chandra Rathore,
Neng Fan,
Ngot Bui,
NhatHai Phan,
Nial Friel,
Nianwen Ning,
Nianxia Cao,
Niccolò Casnici,
Nicholas A. Ballester,
Nicholas A. Christakis,
Nicholas Barr,
Nicholas Buhagiar,
Nicholas Charron,
Nicholas Christakis,
Nicholas Harrigan,
Nicholas M. Harrigan,
Nicholas N. Nagle,
Nicholas V. Findler,
Nicholas Weller,
Nicholaus J. Gati,
Nicholson T. Collier,
Nick Crossley,
Nick Rogers,
Nicola J. Ferrier,
Nicola Mirc,
Nicolas Kourtellis,
Nicolas Tsapatsoulis,
Nicole B. Ellison,
Nicole Bohme Carnegie,
Nicolás Suárez,
Nicolò Pecora,
Nikhil Cheke,
Nikhilesh Prabhakar,
Nikita Basov,
Nikki van Gerwen,
Niklas Ravaja,
Nikolay Korovaiko,
Nikos E. Mastorakis,
Nikos I. Passas,
Nikos Tziritas,
Niloofar Mozafari,
Niloy Ganguly,
Ning Cai 0002,
Ning Wang 0013,
Nirmalya Chowdhury,
Nisheeth Joshi,
Nitesh V. Chawla,
Nitin Agarwal,
Noah E. Friedkin,
Noel Sardana,
Noha Alduaiji,
Noli Brazil,
Nora F. Almosaed,
Norbert Vanbeselaere,
Norbou Buchler,
Norio Konno,
Norman Braun,
Norman Conti,
Norman P. Hummon,
Noseong Park,
Noshir Contractor,
Noshir S. Contractor,
Noé Gaumont,
Nuha Albadi,
Nuttirudee Charoenruk,
Nyi Nyi Htwe,
Nynke van Miltenburg,
Nyothiri Aung,
Obaid Ali Al-Modaf,
Odalia Wong,
Ofer Arazy,
Ofer Engel,
Ogheneovo Dibie,
Oguzhan Çitlak,
Oishik Chatterjee,
Olaf Flak,
Olaf N. Rank,
Olfa Nasraoui,
Olga Kornienko,
Oliver Haynes,
Olivier Toubia,
Oluwaseyi Feyisetan,
Omar Lizardo,
Omar Mehio,
Omer F. Rana,
Omid Askari Sichani,
Ons Al-Shamaileh,
Onur Küçüktunç,
Onur Varol,
Ophir Frieder,
Oren Lederman,
Orsolya Kardos,
Osei Appiah,
Osmar R. Zaïane,
Osmo Mattila,
Ove Frank,
Owen Sacco,
Ozer Ozdikis,
P. J. Lamberson,
P. M. Krafft,
P. Robert Duimering,
Pablo Piedrahíta,
Paige Phillips,
Palakorn Achananuparp,
Palash Goyal,
Pamela A. Popielarz,
Pamela Bilo Thomas,
Pamela Emanuelson,
Pamela J. Wisniewski,
Pan Hui 0001,
Pan Li 0001,
Panagiotis Georgiadis 0001,
Panagiotis Symeonidis,
Panayiotis Tsaparas,
Panayotis Antoniadis,
Panos K. Papadopoulos,
Panos Sakkos,
Paola Tubaro,
Paola Velardi,
Paola Zappa,
Paolo Bolzern,
Paolo Campana,
Paolo Parigi,
Paolo Simonetto,
Paolo Trunfio,
Parang Saraf,
Paraskevas Tsantarliotis,
Parisa Rashidi,
Partha Pratim Roy 0001,
Parthasarathy Guturu,
Pascal Sciarini,
Patricia B. Cerrito,
Patricia Garcia,
Patrick Benavidez,
Patrick Doreian,
Patrick J. Tighe,
Patrick Janulis,
Patrick Mair,
Patrick Park,
Patrick S. Park,
Patrizia Vecchi,
Patrizio Colaneri,
Paul A. Beck,
Paul A. Djupe,
Paul Buitelaar,
Paul D. McLean,
Paul Nieuwbeerta,
Paul Rad,
Paul Roe,
Paul Wagenseller III,
Pauli Miettinen,
Paulina Preciado,
Pauline Chou,
Pauline W. Hoffmann,
Paulo Jorge Leitão Adeodato,
Paulo Shakarian,
Pavel N. Krivitsky,
Pavlos Paraskevopoulos,
Pawan Goyal 0002,
Pawan Kumar Verma,
Pawel Sniatala,
Pedram Shahsafi,
Pedro O. S. Vaz de Melo,
Pei Lv,
Pei-Yuan Zhou,
Peijun Ye,
Peikun Ni,
Peixin Gao,
Peiyun Zhang,
Peng Wang 0002,
Peng Xia,
Pengpeng Zhou,
Per Block,
Pernille Bjørn,
Pete Burnap,
Pete Jones,
Peter Abell,
Peter Borm,
Peter D. Hoff,
Peter Elliott,
Peter Grindrod,
Peter H. Beckman,
Peter Hedström,
Peter Kuppens,
Peter Lachenmaier,
Peter McMahan,
Peter Miltner,
Peter Monge,
Peter Mühlau,
Peter P. Groenewegen,
Peter Pal Zubcsek,
Peter Tolmie,
Peter Totterdell,
Peter V. Marsden,
Peter W. Cardon,
Peter W. Eklund,
Peter W. F. Smith,
Peter Willett 0001,
Peter van der Laan,
Petko Bogdanov,
Petr Matous,
Petri Parvinen,
Petros A. Ioannou,
Petros Drineas,
Petter Holme,
Peyman Bayat,
Pezhman Sheinidashtegol,
Philip A. Sinclair,
Philip Andrew Sinclair,
Philip Branch,
Philip D. Waggoner,
Philip Mohr,
Philip S. Yu,
Philipp Singer,
Philippa E. Pattison,
Philippa Pattison,
Philippe Cudré-Mauroux,
Philippe Lenca,
Philippe Ramirez,
Phillip Bonacich,
Phillip C.-Y. Sheu,
Phillip Schumm,
Phivos Mylonas,
Phuoc Tran-Gia,
Piao Chen,
Pierre Mongeau,
Pieter-Paul Verhaeghe,
Pietro Panzarasa,
Pin-Yu Chen,
Pinaki Mitra,
Pinar Karagoz,
Ping Deng,
Ping-En Lu,
PingSun Leung,
Pip Pattison,
Pivithuru Wijegunawardana,
Po Yang 0001,
Poonam Goyal,
Poonam Yadav,
Poong Oh,
Pouria Babvey,
Prabhat Kumar,
Pradumn Kumar Pandey,
Prakash S. Raghavendra,
Pramod K. Varshney,
Pranav Thulasiram Bhat,
Pranjal Gupta,
Prannay Khosla,
Prasenjit Mitra,
Prasoon Gupta,
Prateek Agrawal,
Pratik Chattopadhyay,
Pravallika Devineni,
Prem Prakash Jayaraman,
Prerna Kaushik,
Pritha Dev,
Pushpak Bhattacharyya,
Pádraig Cunningham,
Pádraig Mac Carron,
Pál Czobor,
Péter Soltész,
Qi Kang,
Qi Meng,
Qi-dong Liu,
Qian Jiang,
Qian Li 0009,
Qiang He 0001,
Qiang Yang 0004,
Qianlong Wang,
Qiaohong Chen,
Qiguang Miao,
Qihao Lin,
Qin Lv,
Qing Cao,
Qing Qing,
Qing Yang 0016,
Qingchun Lu,
Qinghua Lu 0001,
Qingmai Wang,
Qingpeng Zhang,
Qingxiang Liu,
Qingzhan Zhao,
Qinma Kang,
Qinna Wang,
Qiqi Shuai,
Qiuyuan Yang,
Qiuzhen Lin,
Qiwen Zheng,
Qizhi Fang,
Quan Bai,
Quan Z. Sheng,
Quanbo Zha,
Quanwang Wu,
Quanyan Zhu,
Qun Jin,
Qunfang Wu,
Quoc Van Tran,
R. Chulaka Gunasekara,
R. Karl Rethemeyer,
R. Neelamegham,
Raazesh Sainudiin,
Rabeb Mizouni,
Raby Hamadi,
Rachael Hageman Blair,
Rachel Garshick Kleit,
Rachel Sacks-Davis,
Rachel Stevenson,
Radhika Arava,
Radu Grosu,
Radu Prodan,
Rae Jean Proeschold-Bell,
Rafael T. Mikolajczyk,
Rafael Wittek,
Rafaël Stofer,
Raffaele Vacca,
Ragab A. El-Sehiemy,
Rahat Ibn Rafiq,
Rahul Goel,
Rahul Mishra,
Rahul Pandey,
Rahul Potharaju,
Rahul Tripathi,
Raian Ali,
Raihan Razib,
Raine Hoover,
Raj Gaurav Kumar,
Rajarathnam Chandramouli,
Rajesh Basak,
Rajesh Kumar Aggarwal,
Rajesh Sankaran,
Rajesh Sharma,
Rajgopal Kannan,
Raji Ghawi,
Rajib Bag,
Rajiv Ramnath,
Rajiv Ranjan,
Rajiv Ranjan Suman,
Rajkumar Das,
Rajkumar Viral,
Rakesh Chandra Balabantaray,
Rakesh Nagi,
Raksha Pavagada Subbanarasimha,
Ralf Klamma,
Ralucca Gera,
Ram Babu Roy,
Ram Dantu,
Ram Mohana Reddy Guddeti,
Ramanuja Simha,
Ramasuri Narayanam,
Ramazan Aygun,
Ramesh Baral,
Rami Puzis,
Ramine Tinati,
Ramón Flores,
Rana Forsati,
Rance P. L. Lee,
Rania Kora,
Rania Sahioun,
Ranjan Kumar Behera,
Ranjan Maity,
Raphaël Charbey,
Rashmi Ranjan Rout,
Ravi Jadhav,
Ravi S. Kudesia,
Ravi Sankar,
Ravi Sundaram,
Raymond V. Liedka,
Razieh Malekhosseini,
Rebecca C. Kotsonis,
Rebecca Jenkinson,
Rebecca Nash,
Rebecca Roth,
Rebeka Johnson,
Reda Alhajj,
Reem Bahgat,
Reihaneh Rabbany,
Renaud Lambiotte,
Rene M. H. Besseling,
Renhao Cui,
Rense Corten,
Renáta Hosnedlová,
René Veenstra,
René van den Brink,
Reza Boostani,
Reza Farahbakhsh,
Reza Motamedi,
Reza Parsamehr,
Reza Rejaie,
Reza Zafarani,
Ricardo J. G. B. Campello,
Riccardo Boero,
Riccardo Guidotti,
Richard A. Fabes,
Richard Dufour,
Richard F. Deckro,
Richard Han,
Richard Heidler,
Richard O. Sinnott,
Richard S. John,
Richi Nayak,
Rick Galeano,
Rick Grannis,
Rick Siow Mong Goh,
Rickard Nyman,
Riitta Toivonen,
Riivo Kikas,
Rijk Mercuur,
Rimjhim,
Risul Islam,
Ritam Sarkar,
Rob M. Christley,
Rob Procter,
Robb Willer,
Robert A. Hanneman,
Robert Ackland,
Robert E. Kraut,
Robert Elliott Smith,
Robert Faris,
Robert Huckfeldt,
Robert J. Beck,
Robert J. Mokken,
Robert Jiqi Zhang,
Robert P. Gilles,
Robert Panitz,
Robert R. Faulkner,
Robert Schmidl,
Robert W. Faris,
Robert W. Krause,
Robert West 0001,
Robert Y. Shapiro,
Roberto Corradetti,
Roberto Interdonato,
Robin Cohen,
Robin Dunbar,
Robin I. M. Dunbar,
Robin Petering,
Robin S. Adams,
Rochelle R. Côté,
Rocío Martínez-López,
Roger Th. A. J. Leenders,
Rogério Luiz Cardoso Silva Filho,
Rogério Luís Rizzi,
Rohit Varkey Thankachan,
Roland Holten,
Rolf T. Wigand,
Rolf Ziegler,
Romain Bourqui,
Roman Kern,
Romina Cachia,
Romualdo Pastor-Satorras,
Ronald L. Breiger,
Ronald R. Rindfuss,
Ronald S. Burt,
Rong-Kuan Shen,
Rongjian Mu,
Rongrong Jing,
Rongsheng Dong,
Rongxing Lu,
Rosa M. Benito,
Rosa M. V. Figueiredo,
Rosanna Grassi,
Roshanak R. Nilchiani,
Roshni Chakraborty,
Ross Maciejewski,
Rosta Farzan,
Rostyslav Korolov,
Rounaq Choudhuri,
Rouzbeh Hasheminezhad,
Roy Gava,
Roy L. Crole,
Roy Lindelauf,
Rozemarijn van der Ploeg,
Rozita Jamili Oskouei,
Ruben De Cuyper,
Rubén Lara,
Rudra Pratap Ojha,
Ruggero G. Pensa,
Rui Portocarrero Sarmento,
Rui Su,
Ruidong Yan,
Ruihan Wu,
Ruijin Wang,
Ruiqi Li,
Ruiqi Wang,
Ruiqi Yang,
Ruixuan Li,
Ruiyun Yu,
Rung-Ching Chen,
Runhe Huang,
Ruocheng Guo,
Rupa Jose,
Ruth F. Hunter,
Ruud Hendrickx,
Ryan Hare,
Ryan Lichtenwalter,
Ryan M. Acton,
Ryan Sequeira,
Ryan W. Quinn,
Ryan Weber,
Ryan Wen Liu,
Ryosuke Harakawa,
Ryota Tomioka,
Rémi Boivin,
Róbert Pálovics,
Róbert Tardos,
S. Andrew Gadsden,
S. P. Raja,
S. S. Ravi,
S. Sitharama Iyengar,
S. Venkatesan 0002,
S. Venkatesh 0001,
Saad Razzaq,
Saba A. Al-Sayouri,
Saber Shokat Fadaee,
Sabina Kef,
Sabine De Moor,
Sabitri Nanda Chakraborty,
Sabrina Arredondo Mattson,
Sachin Grover,
Sadaf Sadeghian,
Sadamori Koujaku,
Sadjad Tavakoli,
Saeed Farzi,
Sahraoui Dhelim,
Sai Avinash Sattiraju,
Sajedul Rahim Talukder,
Saket Kumar,
Saliya Ekanayake,
Sallie Keller,
Sally Hamouda,
Salvatore Citraro,
Salvatore Miccichè,
Sam Field,
Sam G. B. Roberts,
Sam Schramski,
Samaneh Sechin Matoori,
Samee U. Khan,
Sameera Horawalavithana,
Samer Al-khateeb,
Sami Abu-El-Haija,
Samik Basu 0001,
Samira Malek Mohamadi Golsefid,
Samit Bhattacharya,
Samiul Hasan,
Samrachana Adhikari,
Samuel Frederick,
Samuel Friedman,
Samya Muhuri,
San-Chuan Hung,
Sanasam Ranbir Singh,
Sancheng Peng,
Sandeep Purao,
Sandip Chakraborty,
Sandra Cristina Oliveira,
Sandra González-Bailón,
Sandro Sperandei,
Sang Eun Woo,
Sang Peter Chin,
Sangeetha Madhavan,
Sanghamitra Bandyopadhyay,
Sangick Jeon,
Sangwon Suh,
Sanjana Kadaba Viswanath,
Sanjay Kumar Jain,
Sanjit Kumar Setua,
Sankar K. Pal,
Sankar Kumar Mridha,
Sanmay Das,
Sanne Smith,
Santanu Kumar Rath,
Santhanakrishnan Anand,
Santhoshkumar Srinivasan,
Santiago Ramírez,
Saptarshi Ghosh 0001,
Saqib Rasool,
Sara Bastomski,
Sara Bojarczuk,
Sara Geven,
Sara Gorgoni,
Sara Rajabzadeh,
Sara Y. Del Valle,
Sara Yeatman,
Sarah A. Marshall,
Sarah Alismail,
Sarah Bouraga,
Sarah Gielen,
Sarah Henrickson Parker,
Sarah K. Cowan,
Sarah Michele Rajtmajer,
Sarah S. Lam,
Sarbani Roy,
Sargur N. Srihari,
Sarika Jalan,
Sarit Kraus,
Sarthak Sengupta,
Sarunas Girdzijauskas,
Sasitharan Balasubramaniam,
Saskia Metzler,
Sathish A. P. Kumar,
Sathisha Basavaraju,
Satish V. Ukkusuri,
Sattam Al Otaibi,
Satyajayant Misra,
Satyam Mukherjee,
Sayan Bose,
Scott Baum,
Scott D. Gest,
Scott D. McClurg,
Scott Dick,
Scott E. Page,
Scott L. Feld,
Scott Parrott,
Scott W. Duxbury,
Sean Chester,
Sean M. Fitzhugh,
Sebastian Burkhart,
Sebastian Bähr,
Sebastian Pink,
Sebastian Schnettler,
Sedat Gokalp,
Selena Praprotnik,
Senthilkumar Mohan,
Serge Fdida,
Sergio Chavez,
Sergio Greco,
Sergiy Butenko,
Serhad Sarica,
Serpil Tokdemir Yuce,
Sethuraman Panchanathan,
Seunghoo Lim,
Seyed Mohammad Taheri,
Seyed Mohsen Ebadi Jokandan,
Seyyed Hadi Sajadi,
Sha Zhao,
Shahadat Uddin,
Shahla Nemati,
Shajulin Benedict,
Shakked Lev,
Shalini Priya,
Shamik Sural,
Shamkant B. Navathe,
Shampy Kamboj,
Shancang Li,
Shanfeng Wang,
Shankar Bhamidi,
Shanqing Yu,
Shanshan Wei,
Shaohua Wan,
Shaojie Tang,
Shaowen Yu,
Shaowu Liu,
Shaoxiong Ji,
Sharath Hiremagalore,
Sharique Hasan,
Sharon Goldwater,
Shasha Li,
Shaurya Agarwal,
Shavak Agarwal,
Shawn Dorius,
Shayok Chakraborty,
Sheena Iyengar,
Shenghua Liu,
Shenglong Zhu,
Shengyu Huang,
Sherali Zeadally,
Sherief Abdallah,
Shie Mannor,
Shigemi Kagawa,
Shijian Li,
Shijing Shen,
Shilei Wang,
Shimaa M. El-Sherif,
Shin-Kap Han,
Shiping Wang,
Shiqing Wu,
Shira Offer,
Shirui Pan,
Shiyan Hu,
Sho Tsugawa,
Shoaib Jameel,
Shohei Shimizu,
Shonali Krishnaswamy,
Shou-De Lin,
Shou-Fei Han,
Shravika Mittal,
Shreejay Nair,
Shrisha Rao,
Shu-Sen Zhang,
Shuai Cao,
Shuai Li 0002,
Shuai Liu 0002,
Shuai Wang 0005,
Shuangshuang Han,
Shufang Wang,
Shuhan Yuan,
Shui Yu,
Shuiqiao Yang,
Shujuan Ji,
Shuning Huang,
Shunsuke Okamoto,
Shuo Chen 0006,
Shuo Liu 0005,
Shuo Yan,
Shuo Yu,
Shuofeng Wang,
Shuowei Chen,
Shuqi Xu,
Shuyang Gu,
Shuyi Lu,
Shyh-Kang Jeng,
Shyhtsun Felix Wu,
SiYa Yao,
Sibel Adali,
Siddhartha Bhattacharyya,
Siegfried Müller,
Sigal Sina,
Sijia Xiao,
Sijian Lv,
Silivanxay Phetsouvanh,
Silke Adam,
Silvia Snidero,
Silvio Romero de Lemos Meira,
Simi Wang,
Simo Järvelä,
Simon Bourigault,
Simon DeDeo,
Simon Rodan,
Simona Bignami-Van Assche,
Simona Doboli,
Siwei Liao,
Siyu Sun,
Siyun Peng,
Skyler J. Cranmer,
Smita Ghosh,
Soheil Jamshidi,
Somanath Tripathy,
Somang Nam,
Song Guo 0001,
Songhua Xu,
Songyang Wu,
Sonja Opper,
Sonja Pointner,
Soo Yong Lim,
Soon Ae Chun,
Soon-Gyo Jung,
Soong Moon Kang,
Sorin Adam Matei,
Soumajit Pramanik,
Soumajyoti Sarkar,
Soumi Dutta,
Soumya K. Ghosh 0001,
Sourabh Prakash,
Sourav Kumar Dandapat,
Spiro Maroulis,
Spyros Sioutas,
Sreeja Nair 0002,
Sreekanth Madisetty,
Sridhar Mandyam,
Srinath Srinivasa,
Srinivas K. Reddy,
Srinka Basu,
Sriparna Saha 0001,
Srivatsa Ramesh Jayashree,
Sruthy Agnisarman,
Stamatios Giannoulakis,
Stan Matwin,
Stanley Wasserman,
Stavros Souravlas,
Stef Van Puyenbroeck,
Stefan Thurner,
Stefanie Bailey,
Stefano Nasini,
Stefano Tasselli,
Stefanos Antaris,
Stellan Ohlsson,
Stephan Günnemann,
Stephanie Thiemichen,
Stephen G. Eubank,
Stephen J. Walsh,
Stephen L. France,
Stephen P. Borgatti,
Stephen R. Corman,
Stephen Tang 0001,
Stergios Chairistanidis,
Steve McDonald,
Steve T. K. Jan,
Steve Webb,
Steven Laan,
Steven M. Chermak,
Steven M. Giles,
Steven M. Goodreau,
Steven P. Dow,
Steven R. Corman,
Steven Rytina,
Sthita Pragyan Pujari,
Stijn Ruiter,
Stuart W. Shulman,
Stéphan Clémençon,
Stéphane Faulkner,
Stéphane Helleringer,
Stéphane Legendre,
Su Deng,
Subhadeep Chakraborty,
Subhash Chandra Pujari,
Subhasis Chakraborty,
Subhasis Thakur,
Subhayan Bhattacharya,
Subrata Nandi,
Sucheta Soundarajan,
Suchi Kumari,
Sudhanshu Kumar 0002,
Sudheer Dhulipalla,
Sudhir B. Kylasa,
Sudip Misra,
Sujogya Banerjee,
Sujoy Saha,
Sukru Tikves,
Suman Kalyan Maity,
Suman Kundu,
Sumanth Patil,
Sumeet Dua,
Sumit Goswami,
Sung-Ju Lee,
Surbhi Bhatia,
Surendra Sedhai,
Suresh Venkatasubramanian,
Surya Nepal,
Susan Banducci,
Susan Bastani,
Susan C. Herring,
Susan C. Weller,
Susan Cotts Watkins,
Susan Gasson,
Susan T. Ennett,
Susanna Zaccarin,
Susanta Chakraborty,
Sushant S. Khopkar,
Susumu Shirayama,
Suzhen Huang,
Sven Banisch,
Svitlana Volkova,
Swarup Chattopadhyay,
Swastik Brahma,
Syed Khairuzzaman Tanbeer,
Sylvain Lecomte,
Symeon Papavassiliou,
Sze-Chuan Suen,
Sérgio Endrigo Ferreira,
Sören Petermann,
T. M. G. Tennakoon,
Tackseung Jun,
Tadeusz Sozanski,
Taesik Gong,
Taha Yasseri,
Tahereh Dehdarirad,
Tahereh Kamali,
Tai-Chi Wang,
Taiane de Paula Ferreira,
Taketoshi Yoshida,
Tal Spalter,
Taleb Khafaei,
Tamar Yogev,
Tamara Sumner,
Tamir Tassa,
Tamás Vinkó,
Tanay Kumar Saha,
Tanay Mehta,
Tanima Dutta,
Tanja Nitschke,
Tanmoy Chakraborty 0002,
Tanujit Chakraborty,
Tanya Araújo,
Tanya Menon,
Tanya Y. Berger-Wolf,
Tao Li 0001,
Tao Tang 0007,
Tapan Chowdhury,
Tapan Kumar Saha,
Tara Safavi,
Tarek El-Ganainy,
Tarik Crnovrsanin,
Tasos Dagiuklas,
Tayfun Tuna,
Ted Mouw,
Terrence D. Jorgensen,
Terry D. Clark,
Tetsuya Yoshida,
Thanasis Loukopoulos,
Thang N. Dinh,
Themis Palpanas,
Theo A. Arentze,
Theo Lins,
Theo van Tilburg,
Thierry Delot,
Thierry Marchant,
Thijs A. Velema,
Thirunavukarasu Balasubramaniam,
Thomas F. Oltmanns,
Thomas Gautschi,
Thomas Grund,
Thomas Häussler,
Thomas J. Fararo,
Thomas Lux,
Thomas Magelinski,
Thomas Mandl 0001,
Thomas Marcoux,
Thomas N. Friemel,
Thomas Rotolo,
Thomas Scherngell,
Thomas U. Grund,
Thomas V. Pollet,
Thomas W. Valente,
Tian Zheng,
Tian-Yun Chang,
Tianchong Gao,
Tianlong Gu,
Tianlu Gao,
Tianqing Zhu,
Tianrui Li 0001,
Tianshu Lyu,
Tianxi Ji,
Tianyu Qiu,
Tianze Gao,
Tijs A. van den Broek,
Tim Weninger,
Timo R. Nyberg,
Timothy J. Brazill,
Tina Kogovsek,
Ting Luo,
Tingnan Lin,
Tiphaine Viard,
Tirthak Patel,
Tjeerd van Campen,
Tobias H. Stark,
Tobias Heinrich,
Tobias Hoßfeld,
Tobias Roth,
Todd C. Lehmann,
Todd Lynes,
Todd M. Loughead,
Tom A. B. Snijders,
Tom Arjannikov,
Tom Decorte,
Tom Snitch,
Tom Stafford 0001,
Tom Vander Beken,
Tomas Diviak,
Tomilayo Komolafe,
Tomoyuki Yuasa,
Tong-Ying Tony Juang,
Tony White,
Toon Kuppens,
Tore Opsahl,
Torin Stepan,
Toshiya Hanada,
Tracy M. Sweet,
Travis Coan,
Travis G. Tatum,
Trevor I. Fenner,
Troy Raeder,
Tso-Jung Yen,
Tsung-Ting Kuo,
Tucker McGrimmon,
Tudor Dumitras,
Tulika Saha,
Tun-Chieh Hsu,
Tuure Tuunanen,
Twan Burg,
Tyler Derr,
Tzu-Lung Chen,
Tünde Cserpes,
Uboho Victor,
Ueli Reber,
Ugo A. Buy,
Ujjwal Maulik,
Ulrik Brandes,
Upul Senanayake,
Uraz Yavanoglu,
Usman A. Khan,
Usman Naseem,
Uttam Kumar Sarkar,
Uwe Matzat,
V. K. Narayanan,
V. S. Subrahmanian,
Vaibhav Bhembre,
Vairavan Murugappan,
Valentin Burger,
Valentin Danchev,
Valentina Hlebec,
Valentina Mazzucato,
Valentyn Kalnysh,
Valerio Arnaboldi,
Valerio Leone Sciabolazza,
Valéria Cesário Times,
Valérie Delaunay,
Vanessa Cedeno-Mieles,
Vangie A. Foshee,
Vanilson André de Arruda Burégio,
Vanina Jasmine Torló,
Vasant G. Honavar,
Vasanth Nair,
Vasileios Karyotis,
Vasja Vehovar,
Vasudev Bhat,
Vatsal Ojha,
Venkat Venkatasubramanian,
Verónica de Miguel Luken,
Vicki Stover Hertzberg,
Victor Agadjanian,
Victor Asal,
Victor C. M. Leung,
Victor O. K. Li,
Victor R. L. Shen,
Victor R. Prybutok,
Victor S. Sheng,
Vidyadhari Jami,
Viet-Chi Tran,
Vijay Mago,
Vijay Verma,
Vikram Krishnamurthy,
Viktor K. Prasanna,
Vincent A. A. Jansen,
Vincent A. Knight,
Vincent A. Traag,
Vincent Buskens,
Vincent Chua,
Vincent G. Moscardelli,
Vincent Labatut,
Vincent Lorant,
Vincenz Frey,
Vincenzo Piuri,
Vinh-Loc Dao,
Vinicius Cardoso Garcia,
Viresh Gupta,
Virginia Dignum,
Virginie Kidwell-Lopez,
Vitara Pungpapong,
Vittorio Fuccella,
Vivek Kumar Singh 0007,
Vivek S. Borkar,
Viviana Amati,
Vladan Radosavljevic,
Vladimir Barash,
Vladimir Batagelj,
Vladimir Filkov,
Volker Stocké,
Vontrese Deeds Pamphile,
Víctor Martínez-de-Albéniz,
W. Craig Carter,
W. Scott Comulada,
Wafa Alorainy,
Walid Magdy,
Walter Quattrociocchi,
Wan-Chun Chuang,
Wanchun Dou,
Wanjiun Liao,
Wanlei Zhou,
Wanqiu Huang,
Wanru Li,
Wanyuan Wang,
Waqas Khawaja,
Warren K. Bickel,
Wassim El-Hajj,
Wataru Kudo,
Wattana Viriyasitavat,
Wayes Tushar,
Wayne E. Baker,
Wei Chen 0001,
Wei Du 0004,
Wei Duan,
Wei Gao 0001,
Wei Jing,
Wei Li 0058,
Wei Luo 0001,
Wei Wang 0012,
Wei Wang 0077,
Wei Wang 0088,
Wei Wang 0211,
Wei Wei 0006,
Wei Wei 0019,
Wei Zhang 0050,
Wei-Shih Lin,
Weiai Xu,
Weichao Gong,
Weichen Liu,
Weifeng Lv,
Weiguo Wang,
Weihong Han,
Weijia Jia 0001,
Weijin Jiang,
Weili Wu,
Weili Wu 0001,
Weishan Zhang,
Weiwei Gu,
Wen Xu 0005,
Wen Zhang 0001,
Wen-Chi Chuang,
Wen-Tai Li,
Wenbo He,
Wenchang Xu,
Wendy D. Brynildsen,
Wendy Moncur,
Wenguo Yang,
Wenhong Chen,
Wenjia Li,
Wenjian Luo,
Wenjie Ruan,
Wenjun Wang 0004,
Wenjun Zhou 0001,
Wenmin Lin,
Wenqing Cheng,
Wenquan Li,
Wentao Wang 0003,
Wentian Cui,
Wenyi Tang,
Wenzhong Guo,
Werner Raub,
Wesley L. Kaizer,
Willem E. Saris,
William A. Wallace,
William C. Carter,
William Frankenstein,
William H. Batchelder,
William H. Woodall,
William Hoiles,
William Housley,
William I. MacKenzie,
William J. Burk,
William M. Webberley,
William Nick Street,
William P. Eveland,
William S. Lovejoy,
William T. Scherer,
William Zhu,
Wilson Ceron,
Wim van den Noortgate,
Wonhyuk Cho,
Wonjun Lee,
Woojeong Kim,
Wouter de Nooy,
Wynn C. Stirling,
Xia Hu,
Xia Xie,
Xianbi Huang,
Xiang Li 0006,
Xiang Li 0010,
Xiang Li 0016,
Xiang Zhang 0011,
Xiangjie Kong 0001,
Xiangju Qin,
Xiangning Xu,
Xiangrong Liu,
Xiangrong Tong,
Xiangxiang Zeng,
Xiangyu Wei,
Xianqi Yu,
Xianyu Chen,
Xianzhi Wang 0001,
Xiao Geng,
Xiao Wang 0002,
Xiao Xue,
Xiao-Jie Li,
Xiao-Jun Zeng,
Xiao-Yang Liu,
Xiaochen He,
Xiaochun Ni,
Xiaohui Liang,
Xiaohui Tao,
Xiaojiang Du,
Xiaojie Zhang,
Xiaokang Zhou,
Xiaoliang Liu,
Xiaolin Shi,
Xiaolong Jin,
Xiaolong Lin,
Xiaolong Xu 0001,
Xiaolong Zheng 0001,
Xiaolong Zhu,
Xiaoming Fu 0001,
Xiaoming Wang 0001,
Xiaonan Luo,
Xiaonan Wang 0001,
Xiaoniu Yang,
Xiaopeng Huang,
Xiaoqin Shelley Zhang,
Xiaoran Yan,
Xiaotao Gu,
Xiaoxian Yang,
Xiaoxiang Na,
Xiaoyan Lu,
Xiaoyang Liu 0001,
Xiaoyu Sean Lu,
Xiaoyun Fu,
Xiaoyun Huang,
Xiaozhuang Song,
Ximena Quintana,
Xin Liu 0022,
Xin Lu 0002,
Xinghuo Yu 0001,
Xinglin Zhang,
Xingqin Qi,
Xingwei Wang 0001,
Xingyi Zhang,
Xingyou Xia,
Xingyu Niu,
Xinhong Wu,
Xinsheng Li,
Xintao Wu,
Xinwei Cao,
Xinwei Deng,
Xinye Cai,
Xinyi Zhou,
Xishuang Dong,
Xiumei Zhu,
Xiuqin Shang,
Xiuwen Liu,
Xiuzhen Chen,
Xiuzhen Cheng,
Xiuzhen Zhang,
Xiwang Guo,
Xiwang Yang,
Xiwei Liu,
Xiwei Xu,
Xiwu Gu,
Xixi Li,
Xiyan Sun,
Xuan Han,
Xuanheng Xu,
Xuanming Zhang,
Xuanming Zhao,
Xue Li 0001,
Xuechang Zhu,
Xuemin Shen,
Xueqi Cheng,
Xueyan Tang,
Xuhong Zhang 0001,
Xujuan Zhou,
Xukai Zou,
Xukun Li,
Xun Liang 0001,
Xupin Zhang,
Xuyun Zhang,
Y. Narahari,
Ya-Ting Chuang,
Ya-Wen Chiu,
Yaakov Bar-Shalom,
Yafang Wang,
Yahui Wu,
Yajie Shi,
Yamir Moreno,
Yan Jia 0001,
Yan Qiao,
Yan Wu 0009,
Yan Zhang 0004,
Yan Zhao 0005,
Yan-An Hwang,
Yanbing Liu,
Yancai Xu,
Yaneer Bar-Yam,
Yanfen Wang,
Yang Chen 0001,
Yang Hui,
Yang Liu 0046,
Yang Liu 0064,
Yang Xiang 0001,
Yang Xing,
Yang Xu 0010,
Yang Zhang 0031,
Yang-chih Fu,
Yangfu Zhu,
Yangyang Wu,
Yanhai Xiong,
Yanick Charette,
Yanjie Bian,
Yanli Li,
Yanlong Zhang,
Yanmei Zhang,
Yannick Léo,
Yanqin Ruan,
Yansen Su,
Yantao Jia,
Yanzi Du,
Yap-Peng Tan,
Yapu Zhang,
Yaqiong Zeng,
Yasin N. Silva,
Yasuo Kudo,
Yasushi Kondo,
Yauheni Pyrloh,
Yazhe Wang,
Ye Li 0002,
Yechao Yang,
Yee Heng Tan,
Yehia Massoud,
Yen-Sheng Chiang,
Yen-Wen Chen,
Yi Chen 0001,
Yi Chen 0011,
Yi Cheng Loh,
Yi Li 0030,
Yi Liu 0024,
Yi Pan 0001,
Yi Xie 0002,
Yi Yu 0003,
Yi Zhang 0054,
Yi-Chen Lo,
Yi-Cheng Peng,
Yi-Feng Lan,
Yi-Kuang Ko,
Yi-Nan Lin,
Yi-Shin Chen,
Yi-Wei Chang,
Yibo Guo,
Yichuan Jiang,
Yiding Zhang,
Yidong Li,
Yifan Hao,
Yifeng Liu,
Yiftach Nagar,
Yihan Ma,
Yike Liu,
Yinan Mei,
Ying Tang 0001,
Ying Zhang 0001,
Ying-Chin Lee,
Yinghua Huang,
Yingjie Shi,
Yingjie Wang 0002,
Yingshu Li,
Yingzi Jin,
Yisheng Lv,
Yishi Lee,
Yishi Lin,
Yisi Sang,
Yisook Lim,
Yixian Chen,
Yizhi Xu,
Yizhou Sun,
Yizhu Chen,
Yla R. Tausczik,
Ylva Almquist,
Yo-Der Song,
Yoann Pitarch,
Yong Gao 0001,
Yong Li 0037,
Yong Liu 0013,
Yong Yuan,
Yong-Hak Kim,
Yong-tian Yu,
Yongdong Wang,
Yongli Ren,
Yonglin Tian,
Yongping Zhang,
Yongren Shi,
Yongshuai Liu,
Yongxia Sun,
Yongzhong He,
Yoram M. Kalman,
Yoshi Fujiwara,
Yoshihisa Kashima,
Yoshiyuki Arata,
Yothin Sawangdee,
Youdinghuan Chen,
Yousra Javed,
Youyang Qu,
Yu Gu 0003,
Yu Luo 0003,
Yu Xiao 0001,
Yu-Dang Wei,
Yu-Fang Chiu,
Yu-Hsien Peng,
Yu-Sung Su,
Yuan Hsiao,
Yuan Liu 0002,
Yuan Yao 0001,
Yuan Yuan 0012,
Yuan Zhang 0006,
Yuanzhuo Wang,
Yubao Wu,
Yubo Jia,
Yubo Kou,
Yuchen Sun,
Yucheng Dong,
Yue Wang 0009,
Yue-Jiao Gong,
Yuejin Tan,
Yufan Dong,
Yufang Wang,
Yufeng Wang 0001,
Yufeng Yao,
Yuguo Chen,
Yuhan Chai,
Yuhang Jiao 0001,
Yuhua Li 0003,
Yuki Yasuda,
Yulei Wu,
Yuming Lin,
Yun Feng,
Yun Huang 0001,
Yun Huang 0003,
Yun Xiang,
Yun Xin,
Yunfan Kang,
Yung-Yin Lo,
Yunhe Feng,
Yunpeng Xiao,
Yunpeng Zhao,
Yunsong Chen,
Yunzhong Liu,
Yuping Zhang,
Yuqi Fan,
Yuqing Mao,
Yuqing Sun,
Yuqing Zhu 0002,
Yuri Kalnysh,
Yuri Takhteyev,
Yusuf Mücahit Çetinkaya,
Yutaka Matsuo,
Yutong Li,
Yuval Elovici,
Yuval Kalish,
Yuyu Yin,
Yves Zenou,
Zachariah Sutton,
Zachary K. Stine,
Zachary Navabi,
Zachary Neal,
Zachary P. Neal,
Zack W. Almquist,
Zahra Ashktorab,
Zahra Karimi Zandian,
Zahraa Said Abdallah,
Zainab Al Latifah,
Zaixin Lu,
Zeeshan Akbar,
Zehong Hu,
Zeinab Liaghat,
Zeljka Tonkovic,
Zengxiang Li,
Zepeng Li,
Zexun Jiang,
Zeya Zhao,
Zeynep Ertem,
Zhanyang Xu,
Zhao Zhang 0002,
Zhaosong Huang,
Zhaozhong Zhang,
Zhe Liu 0002,
Zhe Xiao,
Zhe-Li Lin,
Zhefu Wu,
Zhehui Zhong,
Zhen Wang 0013,
Zhen Wen,
Zhenchuan Li,
Zhendong Niu,
Zheng Dong 0002,
Zheng Lu 0005,
Zheng Yan 0002,
Zhenkun Zhou,
Zhenwen Zhang,
Zhenyu Zhou,
Zhi Huang,
Zhi Liu 0002,
Zhi Tian,
Zhi Wei,
Zhi-Hui Zhan,
Zhi-Jie Wang 0009,
Zhian Ren,
Zhige Xin,
Zhihao Hu,
Zhihe Wang,
Zhihong Tian,
Zhihua Guo,
Zhijin Wu,
Zhiling Luo,
Zhiming Jiang,
Zhipeng Cai 0001,
Zhiwei Wang 0001,
Zhiwei Zhao,
Zhiyi Hu,
Zhiyi Lu,
Zhiyong Feng 0002,
Zhiyong Zhang 0002,
Zhiyuan Liu 0001,
Zhong Ming 0001,
Zhongyuan Jiang,
Zhongyuan Ruan,
Zhou Su,
Zhuhong You,
Zhujin Zhang,
Zhulou Cao,
Zhuming Bi,
Zi Huang,
Zi'ang Ding,
Zia Ul-Qayyum,
Zijian Fu,
Zikai Zhang,
Ziqiang Shi,
Zizhong Huang,
Zoheb Hassan Borbora,
Zoltán Kmetty,
Zonghua Zhang,
Zoran Obradovic,
Zsolt Katona,
Zsolt Unoka,
Zvi Lotker,
jimi adams,
Ángel Cuevas,
Örjan Bodin,
Ümit V. Çatalyürek,
A. Criado-Alonso,
A. V. Ramana,
Abdelhadi Abta,
Abdelmajid Ben Hamadou,
Abderrahim El Qadi,
Abdul Basid,
Abdulaziz Alblwi,
Abubakr H. Ombabi,
Adam Wierzbicki,
Adama S. Marra,
Adel M. Alimi,
Adham Beykikhoshk,
Adriano Veloso,
Adrien Guille,
Adwitiya Sinha,
Afrin Sadia Rumana,
Ahlem Nabli,
Ahmed Abdeen Hamed,
Ahmed Hammouch,
Ahmed Ibrahem Hafez,
Ahmed Zellou,
Ahmet Anil Müngen,
Aibek Makazhanov,
Ajey Kumar,
Akrati Saxena,
Alan Rubin,
Alberto H. F. Laender,
Alejandro Ros-Galvez,
Aleksandra do Socorro da Silva,
Alessandro Cucchiarelli,
Alex Voss,
Alexander Kalinin 0005,
Alexander V. Mantzaris,
Alexandra Barina,
Alexandre Flores John,
Alexandros Nanopoulos,
Alexandru Razvan Florea,
Alexandru Topirceanu,
Alexandru Topîrceanu,
Ali Abdulfattah Alshaher,
Ali Awada,
Ali Choumane,
Ali Harkous,
Ali Rezaee,
Aline Paes,
Alireza Hashemi Golpayegani,
Alireza Rezvanian,
Alireza Tavakoli Taraghi,
Alneu de Andrade Lopes,
Alysson Bolognesi Prado,
Amin Rezaeipanah,
Amina Madani,
Amir Hossein Razavi,
Amira Dhokar,
Amira Soliman 0001,
Amit Kumar Jakhar,
Amit Mittal,
Amitabha Bagchi,
Ammara Habib,
Amna Dridi,
Anam Habib,
Andreas Dengel 0001,
Andreas Hotho,
Andreas Kanavos,
Andreea Nita,
Andres Mendez-Vazquez,
András A. Benczúr,
André Lucas Chinazzo,
André Luís Vignatti,
André Péninou,
Angel Meseguer-Martinez,
Angeliki Antoniou,
Angelo Furno,
Animesh Mukherjee 0001,
Anirban Sen,
Ankith Mohan,
Anna Musial,
Anna Zygmunt,
Annapurna Jonnalagadda,
Anne Baumgraß,
Anne Boyer,
Anthony Perez 0001,
Antoine Doucet,
Antoine Gourru,
Antonio Pelaez-Verdet,
Antonios O. Roussos,
António J. Santos,
Antônio Carlos da Rocha Costa,
Anuja Arora,
Anupam Joshi,
Anuradha Goswami,
Anuradha Yadav,
Aoying Zhou,
Arash Nobari,
Archit Ahluwalia,
Armando López-Cuevas,
Armelle Brun,
Arnaud Bringé,
Arnaud Sallaberry,
Arpan Kumar Kar,
Asal Jalilvand,
Ash Mohammad Abbas,
Ashok Srinivasan,
Attila Soti,
Aurangzeb Khan,
Ayoub Jibouni,
Azuraliza Abu Bakar,
B. Dawn Medlin,
B. K. Tripathy,
Balasubramanya Murthy Kannanedhi Narasimha Sastry,
Barbara Caci,
Barbara Carminati,
Behrouz H. Far,
Belkacem Chikhaoui,
Ben Collingsworth,
Benedikt Meuthrath,
Bernardo Creamer,
Bhawna Saxena,
Billel Hamadache,
Bodhisatwa Bhattacharya,
Bogdan Gliwa,
Boris G. Mirkin,
Bradley S. Rees,
Brian Heredia,
Brijnesh J. Jain,
Bruno Vicente Alves de Lima,
Buddha Singh,
Bénédicte Le Grand,
C. Marie-Françoise Canut,
Camilo Rocha,
Carlo Morselli,
Carlos Alessandro Sena de Freitas,
Carlos Renato Lisboa Francês,
Carmelo J. A. Bastos Filho,
Chandrima Bhattacharya,
Charlie C. Chen,
Chelpa Lingam,
Chenniappan Chellappan,
Chhavi Rana,
Ching-An Yang,
Christian Brugger,
Christian Trefftz,
Christian de Schryver,
Christoph Meinel,
Christopher Griffin 0001,
Christopher M. Smith,
Claudio Luis de Camargo Penteado,
Cláudio Alex Jorge da Rocha,
Costas Vassilakis,
Cristiana Maria Ciocanea,
Cristiano André da Costa,
Cuneyt Gurcan Akcora,
Cécile Favre,
D. Aleja,
Damon Paulo,
Danila Vaganov,
Dante Zaupa,
Danwei Liang,
Daobing He,
Dardan Shabani,
Darko Obradovic,
David Camacho,
David Peleg,
Davlatbek Isroilov,
Dean Webb,
Debadatta Naik,
Debasree Das,
Deepa Anand,
Delel Rhouma,
Demetris Antoniades,
Denise Hideko Goya,
Derek Doran,
Desmond J. Higham,
Devan Rosen,
Dharavath Ramesh,
Didier Grimaldi,
Dieudonné Tchuente,
Dimitris Spiliotopoulos,
Dingyi Yin,
Dinh Q. Phung,
Divya Bansal,
Dolly Sharma,
Dong Liao,
Dounia Lotfi,
Dyah Anggraini,
E. Battaner-Moro,
Ebele G. Onyedinma,
Eiman Alothali,
Ekanut Sotthiwat,
Elena Ferrari,
Eliana Providel,
Elli Voudigari,
Emmanuel J. Yannakoudakis,
Emmanuel Lazega,
Eric Tadeu Camacho de Oliveira,
Erica Dubach Spiegler,
Erick Stattner,
Ernst C. Wit,
Esra Gündogan,
Esraa Karam,
Eugenia Galeota,
Eva García Martín,
Eva Zangerle,
Evaggelos Spyrou,
Evan Stoner,
F. Batista,
Fabio Massimo Zanzotto,
Fabrice Rossi,
Fabrício Benevenuto,
Fabrício Olivetti de França,
Faraz Zaidi,
Faroque Ahmed,
Faîçal Felhi,
Felix Freitag,
Fernando Batista,
Fernando C. Erd,
Fernando Ferri,
Fethi Fkih,
Florence Sèdes,
Florian Michahelles,
Florian Skopik,
Flávia Bernardini,
Frances Albert Santos,
Franck Ravat,
François Queyroi,
Frédéric Amblard,
Fulvio D'Antonio,
Félicité Gamgne Domgue,
Gabriel Barina,
Gabriela Gruszynski Sanseverino,
Gagan Agrawal,
Gema Bello Orgaz,
George Drosatos,
George Lepouras,
George Pallis 0001,
Gerardo I. Simari,
Germán López-Buenache,
Ghassen Ben Brahim,
Ghita Mezzour,
Ghodrat Allah Balighi,
Gholamreza Ahmadi,
Ghufran Al-Shiridah,
Giacomo Fiumara,
Giles Oatley,
Giorgos Stamatelatos,
Girish P. Bhole,
Gisele L. Pappa,
Giuseppe Mangioni,
Gopi Ande,
Guillaume Cabanac,
Gunnar Flötteröd,
Gustavo Santos,
Guy Melançon,
Gábor Vattay,
Günce Keziban Orman,
Günes Ertan,
Günther Specht,
Habib Rabaan,
Halina Mohamed Dahlan,
Hamad Talibi Alaoui,
Hamed Vahdat-Nejad,
Hamid Khalifi,
Hany Alashwal,
Hariton Efstathiades,
Harvineet Singh,
Hassan Hosseini Nasab,
Hassan Laarabi,
Hassina Seridi-Bouchelaghem,
Hendrik Wermser,
Hiba Sebei,
Hideaki Takeda 0001,
Hira Zaheer,
Hiroshi Motoda,
Hiroyuki Ohsaki,
Hossein Ebrahimpour-Komleh,
Huang Jin Jie,
Husni Al-Muhtaseb,
Hyoungshick Kim,
Idrissa Sarr,
Ikechukwu E. Onyenwe,
Ilham Esslimani,
Ilhem Feddaoui,
Imane Guellil,
Imane Khaouja,
Inayah Rohmaniyah,
Inácio de Sousa Fadigas,
Ioannis Bourlakos,
Irena Pletikosa Cvijikj,
Isma Nida Aulia,
Isuru Udayangani Hewapathirana,
J. C. Ferreira,
Jalal S. Alowibdi,
Jalel Akaichi,
Jamal Jida,
Jamel Feki,
Jang-Hyun Kim 0001,
Javier Perez-Aranda,
Javier Torregrosa,
Jean Marie Tshimula,
Jean Vaillancourt,
Jean-Loup Guillaume,
Jean-Valère Cossu,
Jeongkyu Lee,
Jerry Scripps,
Jessu Shirish Kumar,
Jia-Huey Hsu,
Jian An,
Jiawei Han 0001,
Jindong Cheng,
Jing Zhang 0001,
Johan A. K. Suykens,
John McAlaney,
John Scott,
John Yearwood,
JooYoung Lee,
Jordi Brandts,
Jorge Carlos Valverde-Rebaza,
Jorge Finke,
Jorge Luis Victória Barbosa,
Jorge Saldivar,
Joseph D. Prusa,
João Crisóstomo Weyl Albuquerque Costa,
João Gama 0001,
João R. Daniel,
João de Camargo,
Juan Antonio Navarro Pérez,
Juan Esteban Suarez Lopez,
Julien Velcin,
Julio C. S. Reis,
Jundong Chen,
Junjie Zhang 0004,
Justus Bross,
Jyoti Sunil More,
Jéssica Soares dos Santos,
József Stéger,
K. Lakshmanarao,
K. M. George,
Kadri Sylejmani,
Kamal Kant Bharadwaj,
Kanliang Wang,
Karsten Ladner,
Katarzyna Musial,
Katharina Anna Zweig,
Katina Michael,
Kavita Pankaj Shirsat,
Kazumi Saito,
Kaïs Khrouf,
Keigo Oka,
Keith B. Gallagher,
Keith Phalp,
Ken-ichi Kawarabayashi,
Kent Wickstrøm Jensen,
Keshab Nath,
Keven Richly,
Kevin Ryczko,
Kewang Zhang,
Keyvan Navi,
Khaled Almgren,
Khaled Mahdi,
Kirill Martynov,
Klavdiya Bochenina,
Kon Shing Kenneth Chung,
Korab Rrmoku,
Kristi A. Tullis,
Krzysztof Juszczyszyn,
Lakshmanan Kuppusamy,
Laurentiu Rozylowicz,
Laurie Grieshober,
Laxmi Chaudhary,
Lea Vega,
Leila Bahri,
Leila Esmaeili,
Leonardo Ranaldi,
Li-An Daniel Wang,
Linh Dang-Xuan,
Lionel Tabourier,
Lobna Hlaoua,
Lotfi Ben Romdhane,
Loïc Bonnetain,
Luca Cernuzzi,
Lucas A. Lopes,
Ludovic Denoyer,
Luis E. Tobón,
Lukasz Ostrowski,
Lule Ahmedi,
Luís Cavique,
M. Abdul Hamid,
Madhumangal Pal,
Maha Ben Kraiem,
Mahboubeh Ahmadalinezhad,
Mahdi Abdelkafi,
Mahmood Neshati,
Majid Abdolrazzagh-Nezhad,
Malik Muhammad Saad Missen,
Malte Renken,
Mamadou Diaby,
Manas Agarwal,
Manas Ranjan Patra,
Manika Lamba,
Manish Singh 0002,
Marcelo Mendoza,
Marcin Budka,
Marco Corneli,
Marco Elio Tabacchi,
Marco Rosa,
Marcos A. C. Oliveira,
Marcos Grilo Rosa,
Mareike Bockholt,
Margam Madhusudhan,
Maria Cecília Calani Baranauskas,
Maria Patrizia Vittoria,
Maria Prokofieva,
Marie Guégan,
Marios D. Dikaiakos,
Markos Aivazoglou,
Martine Collard,
Maryam Zamanian,
Masahiro Hamasaki,
Masahiro Kimura,
Masaomi Kimura,
Masoud Makrehchi,
Mathias R. Kuhnt,
Matilde Massó,
Matthias Kohnen,
Maurizio Cardaci,
Mayank Yadav,
Maytham Safar,
Md. Mazharul Islam,
Md. Saddam Hossain Mukta,
Md. Shafaeat Hossain,
Megan Grunert Kowalske,
Mehdi Azaouzi,
Mehdi Ghazanfari,
Mehdi Hosseinzadeh 0001,
Mehjabin Khatoon,
Mehmet Kaya,
Mehmet Kayaalp 0001,
Michael Bosnjak,
Michael Crawford,
Michael Taylor 0002,
Michal Jankowski-Lorek,
Mick J. Ridley,
Miguel Romance,
Miguel Romero 0005,
Mihai Udrescu,
Miklós Krész,
Mingxiang Zhu,
Mircea Vladutiu,
Mohamad Nagi,
Mohamed Ali Hadj Taieb,
Mohamed Ben Aouicha,
Mohamed El Marraki,
Mohamed F. Mokbel,
Mohamed Hammami,
Mohamed M. Mostafa,
Mohamed Nader Jelassi,
Mohamed Nazih Omri,
Mohamed Talbi,
Mohammad Ali Zare Chahooki,
Mohammad Ghane'i-Ostad,
Mohammad Qasim Pasta,
Mohammad Reza Meybodi,
Mohammad Saniee Abadeh,
Mohammad Shamsul Arefin,
Mohammad Vahid Sebt,
Mohammadreza Doostmohammadian,
Mohammed Al-Taie,
Mohammed Alqmase,
Mohammed El Hassouni,
Mohammed Eunus Ali,
Mohand Boughanem,
Mohd Ridzwan Yaakub,
Mohmed Y. Mohmed Al-Sabaawi,
Monica Roman,
Monika Singh,
Mostafa Alwash,
Mostafa Khoramnejadi,
Mostafa Rachik,
Mouhamed Gaith Ayadi,
Mrityunjay Singh,
Muhammad Fahim Uddin,
Muhammad Zubair Asghar,
Murilo V. G. da Silva,
Musa A. Mammadov,
My T. Thai,
Mário Cordeiro,
Nadine Jessel,
Nadir Farah,
Nagendra Kumar 0001,
Nam P. Nguyen,
Nan-Ning Zheng 0001,
Nandamudi Lankalapalli Vijaykumar,
Nasrullah Memon,
Natarajan Meghanathan,
Natarajan Subramanyam,
Navaljeet Singh Arora,
Nayer M. Wanas,
Neera Jain,
Neil Zhenqiang Gong,
Nemi Chandra Rathore,
Nicolas Dugué,
Niklas Lavesson,
Nikolaos Mantas,
Nikolas Daroit,
Nikos Salamanos,
Niloy Ganguly,
Niyati Aggrawal,
Njideka Mbeledogu,
Norbert Tsopzé,
Norbert Wehn,
Nouhaila Idrissi,
Nova Ahmed,
Noël Crespi,
Nuno C. Marques,
Nuria Oliver,
Ognjen Arandjelovic,
Oliver A. Brust,
Olivier Teste,
Omar Boussaid,
Oussama Allali,
P. M. Krishnaraj,
Pablo Blanc,
Padam Kumar,
Pankaj Deep Kaur,
Paolo Boldi,
Parag Singla,
Paridhi Jain 0001,
Parul Goyal Wasan,
Pasquale Napolitano,
Patrick Gallinari,
Patrizia Grifoni,
Pavel Brazdil,
Pavlos S. Efraimidis,
Pedro Manuel Pinto Ribeiro,
Pedro Paredes 0002,
Peter A. Gloor,
Petr Chunaev,
Pierre Latouche,
Piotr Bródka,
Piotr Turek,
Ponnurangam Kumaraguru,
Prashi Khurana,
Prateek Dewan,
Pratibha Mahajan,
Przemyslaw Kazienko,
Purushottam Kumar,
Puteri N. E. Nohuddin,
Putra Wanda,
R. Nagamanjula,
Radu-Emil Precup,
Radwan Tahboub,
Rafal Kasprzyk,
Raghvendra Mall,
Rajesh Basak,
Ranjana Roy Chowdhury,
Rasheed Hussain,
Ratnadeep Dey,
Reema Aswani,
Regino Criado,
René Ndoundam,
Reza Eslamipoor,
Riadh Bouslimi,
Rishi Ranjan Singh,
Ritu Sibal,
Rob Procter,
Robert Wyatt,
Roberta Coeli Neves Moreira,
Roc Meseguer,
Rocco Langone,
Rocío Abascal-Mena,
Rodrigo da Rosa Righi,
Rokia Missaoui,
Rolf Niedermeier,
Romain Lalande,
Ronaldo Menezes,
Rose Lema,
Roshanak Aghabaghery,
Routhu Srinivasa Rao,
Ruchi Mittal,
Ruchishya Ramineni,
Rui Sarmento,
Rui Zeng,
Ruowei Gui,
Ruta Uzupyte,
Ryosuke Nishi,
Rémy Cazabet,
S. Athithan,
S. H. Ghasemi,
S. P. Ghrera,
S. R. S. Iyengar,
S. S. Mehrkian,
Sabina Priyadarshini,
Sadok Ben Yahia,
Saeed NasehiMoghaddam,
Sahar Kianian,
Saif ur Rehman,
Salahaddine Boutayeb,
Salma Jamoussi,
Salvador Ruiz-Correa,
Salvatore Catanese,
Samantha Lam,
Samuel Nwagbo,
Samuel S. Guimarães,
Sandipan Sikdar,
Sandra A. Vannoy,
Sanjeev Sofat,
Santi Phithakkitnukoon,
Saptarshi Chakraborty,
Sarah Dahir,
Sarra Ouni,
Sarwar Kamal,
Satish Chandra 0003,
Sean Eyre,
Sebastiano Vigna,
Seifedine Nimer Kadry,
Shah Jahan Miah,
Shamik Sural,
Shampa Chakraverty,
Shannon Conley,
Shengrui Wang,
Shimei Pan,
Shivakant Mishra,
Shivam Pandey,
Shreekanth M. Prabhu,
Shu-Hsien Liao 0001,
Shuangfei Zhai,
Shubham Chaudhary 0001,
Sibel Tariyan Özyer,
Siddharth Bora,
Silvana Rossy de Brito,
Simindokht Jahangard,
Sohaib Ghani,
Sohail Asghar,
Soroosh Shalileh,
Sotirios Gyftopoulos,
Sotiris Ioannidis,
Soufiene Jaffali,
Soumya K. Ghosh 0001,
Sravanthi Chede,
Srividhya Venugopal,
Stavros J. Perantonis,
Stavroula Bampatzia,
Stefan Poier,
Stefan Stieglitz,
Steluta Manolache,
Steven E. Massey,
Stéphane Peters,
Su Özgür,
Sujata Ghatak,
Supattana Sukrat,
Svetha Venkatesh,
Swarup Roy,
Sylvain Lamprier,
Taghi M. Khoshgoftaar,
Takanori Maehara,
Takayasu Fushimi,
Tanmoy Chakraborty 0002,
Tansel Özyer,
Tao Qin,
Tarek F. Gharib,
Taufik Sutanto,
Terry Caelli,
Thiago H. P. Silva,
Thiago Henrique Silva,
Thomas Schott,
Tianjie Cao,
Timofey Gradov,
Tiziana Guzzo,
Tjeerd Zandberg,
Tom Crick,
Tomas Pérez-Acle,
Trazíbulo Henrique,
Tristan Launay,
Umit Karabiyik,
Vahid Khodakarami,
Vassilis Poulopoulos,
Victor Rivera,
Vikas Saxena,
Vincent Froese,
Vincent Labatut,
Vinicius Ponte Machado,
Vinti Agarwal,
Vinícius F. S. Mota,
Vladimir A. Oleshchuk,
W. Aisha Banu,
Wael Ouarda,
Walter Quattrociocchi,
Wedad Hussein,
Wei Wei 0006,
Wolfgang Eugen Schlauch,
Wolfgang Gassler,
Xiangying Jiang,
Xiaolin Gui,
Xiaoling Wang,
Xindong Wu 0001,
Xubo Zhang,
Xuming Zhai,
Yahya Slimani,
Yann Jacob,
Yaser Sobhanifard,
Yasmine Chaabani,
Yayati Gupta,
Youssef Ghanou,
Yuehu Liu,
Zachary Kurmas,
Zahra Aghaee,
Zahra Mousavilou,
Zahra Rezaei,
Zakariya Ghalmane,
Zhenlong Li,
Zillur Rahman,
Ángel Panizo-LLedot,
